19,22,25,29,32,35,37,41,43,48,49,53,55,58,60,62,66,66,70,71,72,75,79,78,82,84,84,86,92,90,95,93,98,94,100,93,98,89,92,82,78,78,70,70,67,62,60,62,58,61,60,56,56,60,53,56,47,48,38,36,24,22,13,12,210
23,26,29,32,34,38,40,43,46,50,51,55,57,60,62,64,67,68,71,73,74,75,79,78,84,85,85,88,93,91,96,94,98,95,100,93,97,90,92,84,81,81,73,73,70,65,64,65,61,63,61,57,57,61,55,60,51,54,43,43,31,28,17,15,210
19,23,26,30,32,36,38,42,44,49,50,54,56,60,61,64,67,68,72,73,75,76,81,80,84,85,86,87,93,91,97,94,99,95,100,92,97,88,90,78,73,73,63,63,60,54,54,55,51,53,51,48,47,51,46,50,43,46,38,39,29,28,18,16,210
21,24,27,31,33,37,39,43,45,49,50,54,56,59,61,64,67,68,72,73,74,76,80,79,83,85,85,87,92,90,95,92,98,94,100,93,98,91,93,85,82,82,75,76,73,69,68,70,66,69,67,64,64,69,63,68,59,62,50,50,36,34,21,18,210
16,20,24,29,32,37,40,45,47,53,56,61,64,68,70,73,76,78,81,84,84,87,90,91,94,96,95,96,100,96,99,96,99,94,97,91,91,86,87,80,78,78,74,74,73,68,66,66,63,64,63,59,59,59,54,54,47,46,38,35,26,24,17,16,210
24,29,32,37,40,45,48,52,55,59,62,67,69,73,75,78,81,82,86,88,88,90,93,92,95,96,94,95,98,96,99,96,100,95,98,93,95,90,92,86,84,83,79,79,77,73,72,72,69,69,68,64,64,64,60,62,57,58,50,49,40,37,27,23,210
17,21,24,29,32,37,40,45,47,52,54,60,62,66,68,71,74,76,79,82,83,86,89,90,94,96,95,96,100,97,99,95,98,94,95,91,92,88,89,83,81,81,75,75,72,65,63,63,59,59,58,55,54,56,52,53,47,47,39,36,27,24,16,14,210
18,22,25,29,31,36,38,42,44,49,52,56,58,61,63,66,68,70,73,76,77,79,83,84,87,89,89,91,95,94,98,95,100,96,98,93,94,88,90,82,80,79,73,72,69,63,61,60,58,59,60,57,56,58,54,55,49,50,42,39,30,27,18,16,210
21,24,27,31,34,38,41,45,47,51,54,58,60,63,65,67,70,72,75,77,78,80,83,84,87,89,89,91,95,94,98,96,100,95,98,94,96,91,93,86,84,83,78,78,76,70,69,70,67,69,68,64,63,65,59,59,50,50,39,36,26,22,15,12,210
22,26,29,33,36,40,42,47,49,54,56,61,63,66,68,71,74,75,79,82,82,85,88,88,92,93,93,94,97,95,99,96,100,96,98,94,95,91,93,86,83,83,78,77,76,71,69,69,66,67,67,64,63,65,61,62,57,57,48,46,36,33,23,21,210
19,22,26,30,33,38,40,45,47,51,54,58,61,65,66,69,72,74,77,79,80,82,85,86,89,91,90,92,95,94,97,95,99,96,100,96,98,95,97,91,88,87,79,77,73,66,64,64,62,63,63,60,60,62,57,59,52,52,42,40,29,25,17,14,210
14,18,22,26,29,33,36,40,42,47,50,55,57,61,63,66,69,70,74,77,78,81,84,86,90,92,91,93,97,96,98,96,100,96,99,95,97,93,96,90,88,87,82,81,79,72,70,70,66,67,67,63,62,63,58,59,53,53,43,41,32,28,20,18,210
15,19,22,26,29,33,36,40,42,47,49,54,56,60,62,64,67,69,72,75,76,79,82,83,86,88,89,91,94,93,97,95,98,96,100,97,99,96,99,94,92,92,87,87,84,78,76,75,73,74,74,71,70,72,67,68,61,62,51,48,37,33,24,21,210
17,21,24,29,31,35,38,42,45,49,51,56,58,62,64,66,69,71,74,77,78,80,84,85,89,91,90,92,96,94,98,96,100,95,98,93,95,89,90,82,77,75,69,68,66,62,60,59,56,56,55,52,51,52,48,48,43,43,36,34,28,25,19,17,210
23,27,30,34,36,40,43,46,48,52,55,59,61,64,66,68,71,72,75,78,79,81,84,85,88,89,88,90,93,91,96,94,98,96,99,97,99,97,100,94,92,93,87,87,84,78,76,77,73,73,73,69,68,70,65,67,61,61,53,51,40,37,27,23,210
17,21,24,28,31,35,37,41,43,47,50,54,56,59,61,64,67,68,72,74,76,78,81,82,86,87,88,90,93,92,96,94,97,95,99,97,100,97,99,94,92,92,87,86,84,79,78,79,76,77,77,73,73,75,69,70,62,62,49,46,35,31,22,19,210
16,20,23,27,30,34,37,41,44,48,50,55,57,61,62,65,68,69,73,75,76,78,81,82,85,86,87,88,92,91,95,94,97,96,99,97,100,95,98,90,86,84,75,72,67,60,57,57,54,55,54,52,52,54,50,52,47,47,39,37,28,25,18,15,210
21,25,27,30,32,36,38,41,43,47,49,53,55,58,59,61,64,65,68,70,71,73,75,76,80,81,82,84,88,89,92,93,97,96,99,97,99,96,100,93,91,90,83,81,77,69,67,66,63,63,62,59,59,60,56,57,50,51,41,38,28,24,16,14,210
19,23,25,29,32,35,37,41,43,47,49,53,55,58,60,62,65,66,69,71,72,75,77,78,81,83,84,86,90,90,95,95,98,96,100,97,98,95,98,91,88,87,80,78,75,68,65,65,62,63,63,59,58,60,55,55,48,48,38,35,25,21,14,11,210
29,33,36,40,43,47,49,53,55,60,62,66,68,72,73,75,78,78,82,84,83,86,90,90,94,97,94,96,100,96,100,95,97,91,92,86,86,80,82,75,72,72,67,67,64,58,56,56,52,52,50,45,44,44,40,41,36,36,29,27,20,17,12,11,210
18,23,27,32,35,41,44,49,52,57,60,65,68,72,74,76,79,81,84,87,87,89,93,92,96,97,95,97,100,97,99,96,98,93,95,91,93,88,91,84,82,82,74,73,69,61,58,57,54,56,57,53,52,54,49,49,42,41,33,31,24,21,16,15,210
17,21,24,29,32,37,40,44,46,51,54,59,61,65,67,70,73,75,78,81,82,84,87,88,92,94,94,95,98,97,100,96,99,94,97,92,93,88,90,84,82,82,77,77,75,69,67,67,64,65,64,61,61,62,58,59,52,52,43,40,31,28,19,17,210
20,25,30,35,38,44,47,52,55,60,63,68,71,75,76,78,82,83,86,89,88,90,94,93,97,97,96,96,99,97,100,96,99,94,97,92,94,89,92,84,81,80,71,68,63,55,52,52,49,50,50,47,47,49,46,47,42,44,37,36,28,26,19,16,210
22,26,30,34,37,42,45,49,52,56,59,64,66,70,72,74,77,78,82,84,85,87,90,90,93,94,93,95,98,95,99,96,100,95,98,93,94,89,92,84,80,80,72,69,64,56,53,52,48,49,48,47,47,48,46,47,43,45,38,37,30,27,19,16,210
18,21,24,29,31,35,38,42,44,49,51,56,58,61,63,66,69,71,74,77,78,80,83,84,88,89,90,91,95,94,98,96,99,96,100,96,98,95,97,91,89,88,84,84,83,78,77,77,74,76,76,73,72,74,68,69,61,60,48,44,33,28,19,17,210
17,21,25,29,32,37,40,44,46,51,54,59,61,65,67,70,73,75,79,81,82,85,88,89,92,94,93,95,98,96,99,96,100,96,98,95,96,92,94,88,87,87,83,83,82,78,76,77,74,76,76,73,73,74,68,69,60,60,49,45,34,30,20,17,210
17,21,24,29,31,35,38,42,45,49,52,56,59,62,64,66,69,71,74,77,78,80,83,84,88,89,90,92,95,94,97,96,99,97,100,96,98,94,97,90,87,86,79,78,75,68,65,64,61,61,61,58,57,58,54,55,49,50,41,39,30,27,19,17,210
18,22,25,30,33,38,41,46,48,53,56,60,63,67,69,72,75,76,80,82,84,86,90,90,94,96,95,96,99,96,100,95,99,93,95,89,90,84,85,77,73,72,65,64,60,53,50,49,46,47,46,44,43,45,42,44,40,41,35,34,26,24,17,15,210
19,23,27,32,35,39,42,46,49,54,56,61,64,67,69,72,75,77,80,83,84,87,90,90,94,96,95,96,100,95,99,93,96,89,90,84,84,77,78,70,67,66,59,57,54,48,45,45,42,42,41,38,38,39,36,36,32,33,27,26,20,18,12,11,210
15,19,22,27,30,34,37,41,43,47,50,55,57,61,63,66,68,70,73,76,77,79,82,83,87,89,90,92,95,94,98,96,100,97,99,96,98,94,96,88,86,86,78,78,74,66,63,63,59,60,59,54,53,53,49,49,44,44,37,36,28,26,19,19,210
63,64,65,66,66,67,64,67,65,70,70,79,80,89,90,93,97,94,99,99,95,97,100,96,99,98,92,93,95,89,91,84,87,79,80,73,76,70,73,67,65,65,60,62,60,54,53,55,49,53,51,46,46,48,45,48,44,48,43,45,41,44,41,44,210
17,21,25,30,33,38,41,46,48,54,56,62,64,68,70,73,76,77,80,83,85,87,90,91,95,97,95,97,100,96,99,94,96,89,91,85,85,79,81,72,68,66,58,56,51,44,41,40,37,38,37,35,34,35,32,33,29,29,24,23,19,17,13,12,210
13,17,20,25,27,32,35,39,41,45,48,52,55,58,60,63,66,67,71,73,75,77,81,82,86,88,89,91,94,94,97,96,99,96,100,96,98,94,97,91,89,89,83,83,81,74,71,70,66,67,67,63,62,63,57,57,50,49,40,37,29,25,18,16,210
18,21,25,29,32,37,40,43,45,50,52,57,60,63,65,68,71,72,76,79,80,83,86,87,91,93,92,93,96,94,98,96,100,96,99,97,98,95,97,93,92,93,90,92,91,87,85,85,81,83,82,78,78,79,73,74,65,65,52,48,36,31,22,19,210
14,18,21,26,29,34,37,41,44,49,51,56,59,63,65,68,71,73,76,79,80,83,87,88,92,94,94,95,99,96,100,96,99,94,96,89,90,83,84,76,73,71,66,65,62,56,53,53,49,49,48,45,44,45,41,41,37,37,30,28,22,19,14,13,210
21,25,28,32,34,38,41,44,46,50,53,57,59,62,64,66,69,70,73,75,76,78,81,81,84,86,86,88,92,91,96,95,98,96,100,96,99,95,97,89,85,84,74,72,66,57,54,53,50,50,49,45,44,45,41,42,37,37,30,28,20,17,11,10,210
20,24,27,31,34,38,41,44,47,51,53,57,59,63,64,67,69,71,74,76,77,79,82,83,86,88,87,89,93,92,96,95,99,96,100,95,97,91,94,84,79,76,65,62,56,47,44,43,40,41,41,38,37,38,34,34,30,31,25,24,19,18,13,12,210
18,21,24,28,31,35,37,41,43,47,50,54,56,59,61,63,66,67,70,73,74,76,80,80,83,85,86,87,90,90,93,93,97,95,99,97,100,96,99,92,89,88,79,77,72,64,61,61,58,59,58,55,54,54,50,51,46,47,40,38,31,29,22,20,210
18,22,25,29,32,36,39,43,45,49,52,57,59,62,64,67,69,71,74,76,77,79,82,83,86,88,88,90,94,93,97,96,100,96,99,94,97,90,92,83,77,74,63,59,53,46,43,42,40,40,40,38,38,39,36,37,32,33,27,25,19,17,13,11,210
18,22,26,30,33,37,40,44,47,52,54,59,62,65,67,70,72,74,77,80,81,83,87,87,90,91,91,92,95,94,97,96,99,96,100,95,98,92,96,87,82,80,70,66,61,51,48,47,44,45,46,43,42,43,40,41,37,37,31,29,23,20,15,14,210
17,20,24,28,30,34,36,40,43,47,49,53,55,59,60,63,67,67,71,73,74,77,82,81,85,86,87,89,93,91,96,93,97,94,100,94,99,92,95,87,85,86,78,80,77,73,72,75,71,74,72,69,69,74,67,71,62,65,52,52,38,35,23,20,220
22,25,28,32,34,37,40,43,45,50,51,55,57,60,62,64,67,68,72,73,74,76,81,80,84,86,85,88,93,91,97,94,99,95,100,94,98,93,95,89,88,89,83,85,82,77,76,79,74,78,75,71,71,75,67,72,61,64,51,51,36,34,22,19,220
19,22,24,28,31,34,36,40,42,47,48,52,54,58,59,62,65,66,69,71,72,75,79,78,83,84,84,87,91,90,94,92,97,94,100,94,99,92,94,87,85,87,80,83,79,75,74,78,73,77,75,70,70,74,67,72,62,65,54,54,41,39,26,24,220
20,23,26,30,33,36,38,42,44,49,51,55,57,60,62,65,68,69,73,74,76,78,83,82,86,87,87,90,95,93,97,94,99,95,100,94,99,92,95,89,87,88,82,84,82,76,75,78,73,75,73,70,69,74,67,72,63,66,54,54,39,37,24,21,220
19,23,26,31,34,38,41,45,48,53,55,60,62,66,67,70,73,74,78,80,82,84,87,88,91,93,92,94,97,95,99,97,100,96,98,94,95,91,93,87,85,84,79,79,77,71,69,70,67,69,69,66,65,66,61,61,54,54,44,41,31,28,19,16,220
20,23,26,30,33,37,39,43,45,50,52,56,59,62,64,66,69,70,73,76,77,79,82,83,87,88,89,91,94,93,97,96,99,97,100,96,98,94,96,90,88,87,81,81,78,72,70,70,66,66,66,62,62,63,59,60,54,54,46,44,34,31,21,18,220
16,20,24,28,31,35,38,42,45,49,52,57,59,63,65,67,70,72,75,78,80,83,86,87,91,93,92,95,98,96,100,96,99,93,95,88,89,82,83,77,74,74,69,69,67,62,61,61,59,60,60,58,57,59,55,56,49,50,41,38,30,26,19,17,220
18,22,25,30,32,36,39,43,45,49,51,56,58,62,64,66,69,70,73,76,76,79,82,82,86,88,88,90,94,93,96,95,99,96,100,96,99,95,98,92,89,88,81,79,76,69,66,67,64,64,64,61,60,62,57,59,52,53,43,41,32,29,21,19,220
56,57,59,60,61,62,62,64,62,66,66,74,73,78,78,84,89,89,94,96,93,95,98,96,100,99,94,96,98,93,95,88,91,85,86,78,80,74,76,70,67,68,63,64,63,57,56,58,53,55,54,49,49,51,46,48,43,47,40,42,38,39,37,40,220
18,22,25,29,31,35,38,42,44,49,51,55,57,61,63,65,68,69,72,74,75,78,81,81,85,87,87,89,92,92,95,94,98,96,100,96,99,95,99,92,89,88,80,79,74,67,63,63,60,62,62,60,60,62,58,60,54,55,46,45,34,31,21,18,220
14,17,21,24,27,31,34,37,39,44,46,50,53,56,58,61,63,65,67,70,71,74,77,78,81,83,84,87,90,90,94,94,97,96,99,97,100,96,99,92,88,86,78,76,72,65,63,64,61,63,63,59,59,60,56,56,50,50,41,38,29,26,18,16,220
15,19,23,27,30,34,37,41,44,48,51,56,58,62,64,67,70,72,75,78,79,82,85,87,91,93,93,94,98,96,99,97,100,94,96,91,92,87,89,83,81,82,77,78,77,72,71,71,67,69,68,63,62,62,57,57,50,51,42,40,33,31,25,23,220
15,19,23,27,30,35,38,42,44,49,52,57,59,63,65,68,71,72,75,78,80,82,85,86,90,92,92,94,97,95,99,96,100,95,97,92,93,88,90,83,81,81,75,74,72,66,65,65,61,64,64,60,60,60,56,56,49,49,40,38,29,27,20,18,220
24,27,29,33,35,39,41,44,45,49,52,55,57,60,61,63,66,67,70,72,73,75,78,79,83,84,84,87,91,91,95,94,98,96,100,96,98,94,95,91,88,88,84,84,83,80,79,79,77,78,78,73,72,74,68,70,62,62,51,48,36,31,21,18,220
25,28,30,34,36,40,42,45,47,51,53,57,58,61,63,65,67,69,71,74,75,77,79,80,84,85,85,88,91,90,95,94,99,96,99,97,100,97,99,94,92,92,87,87,85,80,79,78,75,75,75,71,71,72,68,70,64,66,56,54,43,39,27,24,220
25,28,30,33,35,39,41,44,46,49,51,54,56,59,60,62,65,66,68,70,71,73,76,77,80,82,83,85,89,89,93,94,98,96,99,97,100,97,99,94,93,94,91,91,91,85,84,84,80,80,79,74,73,75,70,70,62,62,50,46,34,30,21,18,220
17,21,24,28,31,35,38,42,43,48,50,54,57,60,61,64,66,68,70,73,74,77,80,81,84,86,86,88,92,92,95,95,98,96,100,96,98,94,96,89,85,83,75,72,68,60,57,57,54,55,55,53,53,54,51,52,47,47,39,36,27,24,16,13,220
18,21,25,29,32,36,39,43,45,49,52,56,59,62,63,66,69,70,74,76,77,80,83,84,88,90,90,92,95,94,98,96,100,96,99,95,98,94,97,91,89,88,82,81,78,72,69,69,66,68,69,65,65,66,61,63,55,55,44,41,31,27,19,16,220
15,20,23,27,30,34,37,41,44,48,51,55,58,61,63,66,69,70,73,76,77,80,83,85,88,90,91,93,96,95,98,96,100,96,98,94,95,90,92,84,80,78,70,68,63,56,53,53,51,52,52,50,50,51,47,48,43,44,35,33,24,21,14,12,220
17,22,25,31,34,39,42,47,49,55,58,63,65,68,70,72,75,77,80,83,85,88,92,92,97,100,95,95,98,89,88,77,76,64,62,54,54,50,52,49,48,49,47,47,47,45,45,45,44,45,45,43,43,44,41,42,38,38,32,31,24,21,15,13,220
26,30,33,38,41,44,47,51,53,58,60,64,66,70,71,74,77,78,81,84,84,86,90,90,94,96,94,96,100,96,99,94,96,89,90,85,85,80,82,76,75,74,69,69,66,61,59,59,56,57,56,51,49,50,45,45,39,38,31,29,22,20,15,13,220
19,23,27,31,34,39,42,46,49,54,56,61,64,67,69,71,74,76,78,81,81,84,87,88,92,94,93,95,98,96,100,96,99,93,95,89,89,82,84,77,75,74,67,66,63,57,56,56,54,55,55,52,52,53,49,49,43,43,36,34,27,24,18,17,220
19,23,27,31,33,38,40,44,47,51,54,57,59,63,64,67,69,70,73,76,76,79,81,82,85,87,88,89,92,92,95,94,98,96,99,97,100,97,99,93,90,90,83,82,78,72,70,70,67,69,68,65,64,66,61,61,54,53,43,40,31,27,20,17,220
20,24,28,32,36,40,43,47,50,55,57,62,64,68,70,72,74,76,78,81,81,83,86,87,90,92,91,93,96,94,98,96,100,96,100,95,98,93,96,89,85,84,76,74,70,62,60,59,57,58,59,56,56,57,54,55,50,51,42,40,32,28,20,18,220
21,25,28,33,36,40,43,47,50,54,57,61,63,67,69,71,74,75,78,80,81,83,87,87,91,93,93,94,98,96,99,96,100,94,97,90,90,85,87,82,79,79,72,71,69,63,62,62,59,59,59,56,56,57,54,55,49,50,41,39,30,27,19,16,220
19,23,27,32,35,40,43,48,50,55,57,62,64,68,70,72,75,76,79,81,82,84,87,87,90,92,91,93,96,95,99,96,100,95,98,93,94,89,91,85,82,81,74,73,70,63,61,60,58,59,59,55,54,55,50,50,44,44,36,33,25,22,16,15,220
20,25,28,32,35,39,43,47,49,54,57,62,64,67,69,72,75,76,79,82,83,85,89,89,93,94,93,94,97,95,98,96,100,95,98,94,96,92,94,88,86,86,81,81,79,74,73,73,71,72,72,70,70,72,67,69,62,63,53,51,41,37,27,24,220
17,21,24,28,30,34,37,40,42,47,49,53,55,58,60,62,65,67,70,72,73,75,78,79,83,85,85,87,90,90,94,93,97,96,100,97,99,95,98,91,89,88,81,80,78,72,70,70,67,69,68,64,63,63,57,57,49,49,39,37,27,25,18,16,220
19,23,27,31,35,39,42,47,49,54,57,62,64,68,69,72,75,76,79,82,83,85,89,89,94,95,94,96,100,96,99,94,97,90,91,84,85,78,79,72,69,68,63,62,59,53,51,50,48,49,49,47,47,48,46,47,42,43,36,34,27,24,18,15,220
22,26,29,33,36,40,43,47,50,54,57,61,63,67,68,71,73,74,77,80,81,83,87,88,91,93,92,93,97,95,99,96,100,94,97,92,94,88,91,84,81,80,73,71,67,59,55,53,50,50,50,47,47,48,45,46,42,44,37,36,28,26,18,16,220
19,23,26,31,34,38,41,45,48,52,55,59,62,66,68,70,73,74,78,80,81,84,87,88,92,94,93,94,98,96,100,96,99,94,96,90,90,84,85,78,75,75,69,69,66,60,58,57,54,54,54,51,50,51,48,48,44,44,37,35,28,25,19,17,220
32,35,38,42,44,48,50,53,54,58,60,65,67,72,73,77,81,82,87,89,89,92,96,95,99,100,96,96,99,92,95,87,89,80,80,72,73,66,67,59,55,54,46,44,39,32,29,28,25,27,26,24,24,26,24,25,23,24,21,22,19,20,17,18,220
20,24,28,32,35,40,43,47,49,54,56,61,64,67,69,71,74,75,78,81,81,83,86,86,90,92,91,93,96,95,99,96,100,95,98,93,95,89,92,84,81,79,70,67,61,52,49,47,44,44,44,41,41,42,39,40,35,36,30,28,22,20,14,12,220
16,20,22,26,29,33,35,39,42,46,48,52,54,58,59,62,64,66,69,72,73,76,78,80,83,85,87,89,92,91,95,94,98,96,99,97,100,96,99,94,92,91,86,86,83,77,75,76,73,74,74,70,69,71,65,67,59,60,50,47,35,31,21,18,220
17,20,23,28,31,35,37,42,44,48,51,56,58,61,63,66,69,70,74,76,77,80,83,84,88,90,90,92,95,94,98,96,100,96,99,95,97,93,96,90,88,89,84,84,82,77,76,76,73,74,74,70,69,71,66,67,58,58,46,43,32,28,20,17,220
16,20,24,28,31,35,38,42,45,49,52,56,58,62,64,66,69,71,74,76,78,80,83,84,88,90,90,92,95,94,98,96,100,96,99,95,97,93,95,89,87,86,81,80,77,72,70,70,67,69,69,65,65,66,61,61,54,54,44,40,31,28,20,17,220
21,25,28,33,35,39,42,46,48,53,56,60,62,65,67,70,73,74,78,80,81,83,86,86,89,91,90,92,95,94,97,95,99,96,100,96,98,94,96,89,85,84,76,73,69,62,59,58,55,55,55,51,51,52,49,50,45,46,39,37,29,26,18,16,220
21,25,28,32,34,38,41,45,47,51,53,58,60,63,64,66,69,70,73,75,76,78,81,81,85,87,87,88,92,92,95,95,99,96,100,96,99,95,98,91,87,86,77,74,69,60,57,56,52,53,53,50,49,50,46,47,42,43,36,35,28,25,19,17,220
19,23,25,29,32,36,38,42,45,49,51,56,58,61,63,66,68,70,73,76,77,79,82,83,87,89,88,90,93,92,96,95,98,96,100,96,99,95,98,91,88,87,79,78,75,68,65,64,61,61,61,56,54,55,50,50,44,45,38,37,30,28,23,21,220
19,23,25,29,32,35,38,42,44,49,50,54,56,60,62,64,68,68,73,74,76,78,83,82,86,87,87,89,93,91,96,93,98,94,100,93,98,91,94,86,83,85,78,79,77,72,71,73,69,72,71,66,66,71,63,67,56,58,46,46,32,30,19,16,230
19,23,26,30,33,37,39,43,45,51,52,57,59,63,65,68,71,72,76,77,79,81,86,85,90,91,89,92,97,94,99,95,100,94,99,92,97,89,92,83,80,80,72,73,69,64,63,65,61,64,62,58,58,61,54,58,49,52,41,40,29,26,16,14,230
21,25,27,31,33,37,39,43,45,50,51,55,57,60,62,65,68,69,72,74,75,77,81,80,85,86,85,87,93,91,96,93,98,95,100,94,98,92,94,87,84,85,79,81,77,72,71,74,69,72,69,65,64,68,63,67,59,62,50,51,38,35,23,20,230
19,23,26,30,32,36,38,43,45,50,52,56,58,62,64,67,71,71,76,77,79,82,86,85,90,91,90,92,97,94,100,95,99,94,98,90,95,88,90,81,78,78,71,72,69,64,63,65,60,62,60,57,57,60,54,57,49,51,42,41,30,28,18,17,230
23,26,28,32,34,38,40,43,45,50,51,54,56,59,61,63,67,67,70,72,73,75,79,78,82,84,84,86,90,90,95,93,97,94,100,95,99,93,96,91,90,92,86,89,86,82,81,84,79,83,81,76,76,80,73,77,67,71,59,59,44,42,29,26,230
17,20,24,28,31,35,38,43,45,50,52,57,59,63,65,67,70,72,75,78,79,82,85,86,90,92,92,94,98,96,100,96,99,94,96,90,90,85,86,79,76,76,69,68,65,58,56,55,52,53,53,51,51,52,49,50,45,45,38,37,28,26,18,15,230
16,20,23,27,30,33,36,40,43,47,49,54,56,60,61,64,67,68,71,74,75,78,80,82,85,87,88,90,94,94,97,96,100,96,99,94,95,90,91,84,81,80,74,73,71,64,62,61,58,59,59,56,55,56,51,52,46,46,38,36,28,25,18,16,230
17,21,24,28,31,35,38,42,44,49,51,56,58,61,63,66,69,70,73,76,77,80,83,84,88,90,91,93,96,95,99,96,100,95,97,91,92,85,86,79,76,75,70,69,67,62,60,60,58,60,60,57,57,59,55,56,49,50,40,38,29,25,17,15,230
20,24,27,32,34,38,41,45,47,51,54,58,60,63,65,68,70,71,75,77,78,80,83,84,88,90,90,93,96,95,99,97,100,95,98,95,96,93,95,89,87,88,82,81,78,72,70,71,67,69,68,64,63,64,60,60,53,54,44,42,32,29,21,19,230
21,25,28,33,36,40,43,46,49,54,56,60,62,66,68,70,73,75,78,80,81,84,87,88,91,93,93,94,98,96,99,96,100,96,98,93,95,90,92,86,84,84,78,77,74,67,66,66,63,63,63,61,60,62,58,59,53,54,46,44,35,31,22,20,230
18,22,25,29,32,37,40,44,46,51,53,58,61,64,66,68,71,73,76,78,80,82,86,87,90,92,92,93,97,95,98,96,100,96,99,95,97,93,96,90,88,88,81,80,77,71,69,69,67,70,70,67,67,68,63,64,57,57,47,45,35,31,22,19,230
17,21,24,28,31,35,38,42,44,49,51,56,58,61,63,66,69,71,74,77,78,81,84,85,89,91,91,93,97,95,98,96,100,95,98,94,95,91,93,88,86,87,83,84,83,79,78,78,75,76,75,70,69,69,64,64,56,57,47,45,36,33,26,24,230
14,19,22,27,30,34,37,41,44,49,51,57,59,63,64,67,70,71,74,77,78,81,84,85,89,91,91,93,97,96,99,97,100,95,98,92,93,87,88,80,77,77,71,70,68,62,59,59,55,56,55,51,50,51,48,48,43,44,37,36,29,27,21,19,230
23,27,30,34,36,40,43,46,48,53,55,58,61,64,65,68,70,72,75,77,78,80,83,84,88,90,90,91,95,93,98,96,99,97,99,98,100,97,99,94,93,93,88,89,87,82,80,80,77,78,78,74,73,75,70,71,64,67,55,54,41,37,26,22,230
20,24,26,30,33,37,39,43,45,48,51,54,57,60,62,64,67,68,71,74,75,78,80,81,84,86,86,88,92,91,95,94,98,96,100,97,99,95,97,91,88,88,81,80,77,71,69,70,67,67,66,62,60,61,56,57,51,52,44,42,34,31,22,19,230
18,21,24,29,31,35,38,42,44,48,50,54,57,60,61,64,67,68,71,74,75,78,80,81,85,86,86,89,92,91,95,94,98,96,98,96,100,96,98,91,88,88,82,81,79,74,72,72,70,72,71,67,66,67,62,62,55,55,46,44,34,32,25,22,230
19,23,26,31,33,37,40,43,46,50,53,57,59,63,65,68,70,72,75,77,78,81,84,85,89,90,90,92,96,95,98,96,100,97,99,95,97,92,94,88,85,84,78,78,75,70,68,68,64,65,65,62,61,63,58,59,52,52,43,40,30,26,18,15,230
17,20,23,26,29,33,35,39,41,44,47,51,53,56,58,60,63,64,67,69,70,73,75,77,80,82,83,85,88,88,91,92,95,94,99,96,100,96,99,93,90,89,80,77,73,65,62,62,59,60,60,57,57,58,55,55,50,51,42,40,30,27,18,16,230
15,19,22,27,29,34,36,41,43,47,50,55,57,61,62,65,68,69,72,75,76,79,82,83,87,89,89,91,94,94,98,96,100,96,99,94,96,91,93,85,81,79,71,69,64,56,53,52,49,50,50,46,46,46,42,43,38,39,32,30,24,22,16,14,230
16,22,26,31,35,40,44,49,51,57,60,66,67,72,72,75,78,78,81,84,84,86,89,90,93,95,94,96,99,96,100,96,98,93,95,89,90,85,87,80,78,77,73,73,71,66,64,64,61,62,61,58,57,58,54,55,49,50,42,40,31,29,21,18,230
21,25,29,34,37,42,45,50,52,57,60,65,67,71,72,75,78,79,82,84,85,87,90,90,94,95,95,96,99,96,100,96,98,93,94,89,91,86,88,82,79,78,71,70,66,59,57,58,55,56,56,54,54,56,52,53,47,47,38,36,26,22,15,13,230
18,23,26,32,35,40,43,48,50,56,58,63,66,70,71,74,77,78,82,84,85,87,90,90,94,96,94,96,99,96,100,95,97,91,93,87,89,84,86,80,77,76,70,69,65,59,57,57,54,55,54,51,50,50,46,47,42,42,35,34,27,25,18,16,230
21,24,28,31,34,38,41,45,46,51,53,57,59,63,64,67,69,71,73,76,76,79,81,82,86,88,88,90,93,93,96,96,99,97,100,97,99,96,99,93,91,90,82,81,78,71,69,69,66,67,68,65,64,66,60,61,54,54,42,38,28,23,15,13,230
19,24,27,33,36,41,44,49,52,57,60,65,67,71,73,75,78,79,83,85,85,87,91,91,95,96,95,96,100,96,99,94,96,89,91,86,87,82,84,77,75,73,67,66,63,57,55,55,54,56,55,53,52,54,50,51,46,46,39,37,29,26,18,16,230
18,23,26,31,35,40,43,48,50,56,58,63,65,69,71,73,77,78,81,84,85,87,91,91,95,97,96,97,100,95,98,92,93,86,86,80,80,75,77,71,69,69,63,62,59,54,52,52,49,51,51,48,47,48,45,45,40,39,32,30,23,20,15,13,230
17,21,24,28,31,36,38,43,45,50,52,57,59,63,65,67,70,71,74,77,78,80,83,84,88,89,89,91,95,94,97,96,100,96,99,93,95,89,92,84,81,79,71,70,65,57,54,54,51,51,51,49,49,50,47,47,43,43,36,35,27,24,17,15,230
20,23,27,31,33,37,40,43,45,50,52,56,58,62,63,66,68,69,72,75,76,78,81,82,86,88,88,90,93,92,97,95,99,96,100,96,98,93,96,90,87,86,79,78,74,68,65,65,62,63,63,60,60,62,58,59,53,53,44,41,31,28,20,18,230
17,20,23,27,29,33,36,39,42,45,47,51,53,57,58,60,63,64,67,69,71,74,76,77,81,82,83,85,88,88,92,92,96,95,98,97,100,96,99,93,91,91,84,83,80,74,73,73,71,72,72,68,67,68,63,65,59,60,51,50,40,38,28,25,230
19,23,27,32,35,39,42,47,50,55,58,63,65,69,71,73,76,78,81,83,84,86,90,90,94,96,95,96,100,96,99,94,97,91,92,85,86,79,79,72,69,68,63,63,60,55,53,53,49,50,50,47,47,48,45,46,41,41,33,31,23,20,14,11,230
22,26,30,35,38,43,46,51,53,59,61,66,69,72,73,76,79,81,84,86,87,89,92,92,96,98,95,96,100,95,98,92,95,88,88,81,82,76,77,70,68,67,60,59,56,48,45,44,40,41,40,37,37,37,35,36,33,34,29,28,22,20,14,12,230
18,22,26,30,33,38,41,45,47,52,54,59,61,65,67,70,73,74,77,80,81,83,87,87,91,93,93,95,98,96,99,97,100,95,97,93,94,90,93,87,86,86,80,80,78,71,69,69,65,66,66,62,61,62,57,58,51,51,42,39,30,26,19,16,230
21,25,29,33,36,40,43,47,50,54,57,61,63,67,68,71,74,75,78,80,81,83,86,87,90,92,91,93,96,94,98,96,99,97,100,95,98,94,97,88,84,83,72,69,62,51,47,45,41,42,41,39,39,40,37,38,35,35,30,30,24,22,17,16,230
20,25,29,34,38,42,45,50,53,58,61,66,69,73,74,77,80,81,84,87,87,90,93,92,96,98,95,96,100,95,97,92,94,87,89,84,84,79,81,74,71,70,62,60,56,49,46,46,43,43,42,39,39,39,36,36,32,32,26,25,19,17,12,10,230
15,19,22,26,29,33,35,39,42,46,49,53,55,58,60,63,66,67,70,73,75,77,80,82,86,88,89,91,94,94,97,95,99,96,100,97,98,94,97,91,89,89,83,83,81,76,74,73,70,71,71,67,66,67,62,62,55,55,45,43,33,29,22,19,230
16,19,23,27,30,33,36,40,42,47,49,54,56,59,61,64,67,69,72,74,75,78,82,83,86,88,89,91,94,93,97,95,100,96,99,95,97,93,95,89,86,86,81,80,78,72,70,70,67,68,67,63,62,63,59,60,53,54,44,41,31,28,20,17,230
17,21,24,29,32,36,39,44,46,51,53,58,61,65,67,70,73,74,78,80,81,84,87,88,92,94,93,95,98,96,100,96,99,94,97,92,93,88,90,84,82,82,78,78,77,72,70,70,67,68,68,65,65,66,61,62,56,56,46,43,33,29,20,17,230
19,23,26,30,32,36,38,42,44,49,51,55,57,60,62,64,67,68,71,73,73,75,78,78,81,83,83,85,88,88,92,92,96,95,99,96,100,94,97,89,85,83,73,70,66,57,54,53,51,51,51,48,48,49,47,48,44,46,39,37,30,27,19,16,230
19,23,26,30,33,38,41,44,47,51,53,58,60,63,65,67,70,71,74,76,77,79,82,83,86,87,88,89,93,92,95,95,99,96,100,96,99,94,97,90,86,85,76,73,67,59,56,55,52,53,53,49,49,50,46,47,42,42,35,33,25,22,16,14,230
17,21,23,27,30,34,36,39,41,45,48,52,54,57,58,61,63,65,67,69,71,73,76,77,80,82,84,86,90,89,93,93,97,95,99,96,100,96,99,92,89,87,80,79,75,68,67,67,64,65,65,61,59,59,54,53,47,47,40,39,33,31,24,22,230
17,20,23,27,29,33,36,40,41,46,47,52,54,57,60,62,65,66,70,71,72,75,79,78,83,84,85,88,92,91,95,93,98,94,100,94,98,90,93,84,81,80,73,75,72,67,66,68,63,65,63,59,58,62,55,58,50,52,42,42,30,29,20,18,240
18,22,25,29,31,35,37,41,43,48,49,53,56,59,61,64,67,67,71,73,74,77,81,80,85,86,87,88,93,90,95,92,97,94,100,94,98,92,95,88,86,87,80,82,79,73,72,75,69,72,70,65,65,69,63,67,59,62,51,51,38,35,22,19,240
20,24,26,30,32,36,39,42,44,48,50,54,56,60,61,64,67,67,71,72,74,76,81,80,84,85,86,87,93,91,96,94,98,95,100,94,98,92,95,89,86,87,81,83,80,76,76,78,74,77,76,72,73,78,70,75,65,68,55,55,41,38,26,23,240
22,25,28,32,34,38,40,43,45,50,51,55,57,61,62,65,68,68,72,74,75,77,81,81,85,86,86,88,93,91,97,95,100,95,99,93,98,90,92,83,80,80,73,74,72,68,67,69,63,65,62,57,56,59,53,57,49,51,41,40,29,27,17,16,240
18,23,26,30,33,37,40,44,47,52,54,59,61,65,67,69,72,74,77,80,82,84,88,89,92,94,94,95,99,96,99,97,100,94,96,92,93,88,89,83,81,81,77,78,77,73,72,73,70,72,71,66,65,66,60,60,51,50,40,36,27,24,16,15,240
18,22,26,31,33,38,41,45,48,52,55,60,62,66,67,70,74,75,78,81,83,85,89,90,94,96,95,96,99,97,100,95,98,93,95,92,93,89,91,86,85,85,81,81,80,75,74,75,73,74,74,70,69,71,65,65,58,57,46,44,34,30,21,19,240
16,21,24,30,33,38,41,46,48,53,56,61,64,68,69,72,76,77,81,84,86,89,92,93,97,99,96,96,100,93,94,85,86,77,76,69,68,63,64,59,58,58,55,55,54,51,49,49,47,49,49,46,46,47,43,44,38,38,30,28,20,18,12,11,240
19,23,26,31,34,38,41,45,48,53,55,60,62,66,68,71,74,75,79,82,83,85,89,89,93,95,94,95,98,95,99,96,100,95,97,92,93,88,90,83,80,79,72,70,67,59,56,56,53,53,53,51,51,52,49,50,46,47,40,39,31,28,20,17,240
17,21,25,29,32,37,40,45,47,52,55,59,62,65,67,70,73,75,79,82,83,86,89,90,94,96,95,96,100,96,99,95,98,92,93,87,87,81,83,76,74,73,67,66,63,57,54,55,52,54,54,52,52,54,51,52,47,48,40,38,29,25,18,15,240
21,25,29,33,36,40,43,47,49,54,56,60,62,65,67,70,73,74,77,80,81,83,87,87,92,93,92,94,98,95,99,96,100,95,98,93,95,90,93,87,84,83,76,74,71,65,63,63,60,61,61,57,57,58,53,54,48,47,37,34,24,21,13,11,240
17,21,24,29,32,36,39,43,46,51,53,58,60,64,66,69,72,74,77,80,82,84,88,89,93,94,94,96,99,96,100,96,99,93,95,91,92,88,90,84,82,83,78,79,76,70,68,68,64,65,65,61,60,62,57,58,51,52,43,41,32,28,21,19,240
16,20,23,28,31,35,38,43,45,50,52,57,60,63,66,68,72,73,77,80,81,84,87,88,92,94,94,95,99,97,100,97,99,95,97,92,93,89,91,84,82,82,77,76,74,68,66,66,63,65,65,61,61,63,57,57,50,49,39,36,26,23,16,14,240
22,25,28,31,33,37,39,42,44,48,50,54,56,59,61,63,65,67,69,71,73,75,78,79,82,84,84,86,90,89,93,93,97,96,99,97,100,97,99,95,92,92,88,88,87,83,83,83,81,82,82,78,77,79,74,75,67,67,56,53,39,35,23,20,240
23,27,29,33,35,39,42,45,47,51,53,57,59,62,64,66,69,70,73,75,76,78,81,82,85,87,87,89,92,91,94,94,98,95,100,97,99,96,99,94,93,94,91,92,91,87,87,88,85,86,85,81,80,82,77,80,72,74,63,61,49,44,32,27,240
26,29,31,35,37,40,42,46,47,51,52,56,57,60,62,64,66,67,70,71,72,74,77,78,82,84,83,86,90,90,95,94,98,96,100,96,99,95,98,92,90,89,83,82,79,73,70,71,67,67,66,61,59,60,55,55,49,49,40,38,29,26,19,17,240
19,23,27,31,34,39,42,46,49,54,57,62,65,68,70,73,76,78,82,85,86,88,92,92,96,97,96,96,99,96,99,96,100,96,98,94,97,92,94,87,84,82,75,73,69,64,61,60,58,58,58,56,56,57,54,55,50,51,41,39,30,26,18,15,240
15,19,22,26,29,33,36,40,42,46,49,53,56,59,61,63,66,68,71,74,76,78,81,83,87,88,89,91,94,93,97,96,99,96,100,97,99,95,98,93,90,89,82,81,77,71,69,69,66,68,67,64,64,66,61,62,56,56,47,45,34,30,21,18,240
18,23,26,31,34,39,42,47,49,54,57,62,64,68,70,73,76,78,82,85,86,89,92,92,96,98,96,97,100,96,99,95,97,92,94,89,90,84,87,79,76,75,67,66,62,56,53,53,50,51,51,48,48,49,45,46,41,41,33,31,23,20,14,12,240
17,21,25,31,34,39,43,47,50,56,58,64,67,71,73,76,79,80,84,87,88,90,93,93,97,98,96,97,100,96,99,96,99,95,98,95,97,93,96,91,90,90,87,87,87,82,81,81,78,80,80,76,76,78,72,74,66,67,56,53,40,36,25,22,240
21,26,30,34,38,43,46,50,53,58,61,65,68,72,74,76,80,81,85,88,89,92,95,94,98,100,97,97,99,96,98,94,96,92,94,90,92,88,91,85,83,83,77,76,74,68,65,64,61,62,61,58,57,59,54,54,47,47,39,36,28,25,18,16,240
19,24,28,33,37,41,44,49,51,56,59,64,67,70,72,75,78,80,84,86,87,90,94,94,98,99,97,97,100,95,96,91,92,85,86,81,81,76,78,73,71,71,67,66,64,59,57,58,56,57,58,55,55,56,52,53,47,48,39,37,28,25,17,15,240
19,23,27,31,34,39,42,46,49,54,57,61,64,67,69,72,75,77,80,83,84,87,90,90,94,96,94,95,98,96,99,97,100,96,98,95,96,93,96,91,89,89,83,82,80,73,71,71,68,70,71,68,68,71,66,67,60,60,49,46,35,30,21,18,240
22,26,30,35,38,42,45,50,52,57,59,64,67,70,72,75,78,79,83,86,87,89,92,92,95,97,95,96,100,97,99,95,98,94,96,93,94,91,93,87,85,84,77,76,72,66,64,63,61,62,62,59,59,61,57,58,53,54,46,44,34,31,22,19,240
22,26,30,35,38,43,46,50,53,58,61,65,68,72,74,77,80,81,86,88,89,91,95,94,98,100,96,96,99,95,97,94,95,91,92,88,90,86,89,83,81,81,75,74,72,65,63,64,61,61,60,57,56,57,52,53,47,48,39,37,29,26,18,16,240
16,21,24,29,32,37,40,45,47,53,55,60,62,66,68,71,74,76,79,83,84,87,90,91,95,96,95,97,100,96,99,96,98,93,95,91,91,87,89,83,81,82,77,77,74,69,67,67,66,67,67,65,64,66,62,63,56,56,45,41,30,26,17,15,240
18,22,26,31,34,39,42,47,49,55,57,62,65,69,70,73,76,78,82,85,86,89,92,93,97,99,96,96,100,95,97,90,91,84,84,78,78,73,75,69,67,67,63,64,62,58,57,57,55,57,57,55,55,57,53,54,49,49,41,39,30,27,19,16,240
17,21,24,28,30,34,37,41,42,47,49,53,56,59,61,63,66,68,70,73,75,77,80,81,84,87,87,89,93,92,96,95,98,96,100,97,99,95,99,92,90,88,81,79,76,67,64,64,60,61,61,57,56,58,53,54,48,48,40,38,29,26,18,15,240
19,23,27,32,35,39,42,47,49,54,57,62,64,68,70,72,75,77,80,83,84,87,90,91,95,97,95,96,100,95,98,91,94,85,85,76,76,69,70,62,60,59,55,55,52,47,45,45,43,43,42,40,39,41,37,38,35,36,30,29,22,20,13,11,240
20,25,29,33,37,41,44,49,51,57,59,64,66,70,72,74,78,79,83,85,86,89,92,92,96,98,95,96,100,94,97,90,92,84,84,77,77,71,72,66,65,64,58,57,55,49,46,46,44,44,44,42,42,43,41,42,38,39,33,32,26,23,16,14,240
21,25,28,32,35,39,42,46,49,53,55,60,62,66,68,70,73,75,78,81,82,84,88,88,92,94,93,95,99,96,100,96,99,93,95,90,90,86,87,82,81,81,77,76,75,69,67,67,64,64,64,60,59,61,55,56,49,48,38,35,25,21,14,12,240
32,35,38,42,44,48,50,53,55,59,61,65,66,70,70,72,75,76,80,82,82,86,90,89,95,97,94,96,100,95,98,92,94,86,86,78,80,73,74,66,63,62,56,56,53,47,45,45,41,41,40,35,34,35,31,32,28,29,24,22,17,15,11,11,240
19,24,27,32,36,41,44,49,51,56,59,64,67,71,73,75,78,80,84,86,87,90,93,93,97,99,96,97,100,95,97,90,92,85,85,79,80,75,77,70,67,66,58,56,52,45,41,41,38,39,38,37,36,37,35,36,32,34,28,27,21,19,14,12,240
14,17,20,24,26,31,33,37,39,43,46,50,52,55,57,60,62,64,67,70,71,74,77,78,82,84,86,88,91,91,95,95,98,96,99,98,100,96,99,93,92,92,86,86,83,78,76,76,72,74,73,69,69,70,65,66,58,58,47,44,34,30,21,19,240
15,19,22,27,29,34,36,41,43,47,50,54,57,60,62,65,68,70,73,76,77,79,83,84,88,90,90,92,95,95,98,96,100,96,99,96,97,94,97,92,91,92,88,89,88,83,81,82,78,79,79,73,72,74,67,68,59,58,47,43,33,29,21,18,240
18,22,26,30,33,38,41,45,47,52,55,59,61,65,67,70,73,75,78,81,82,85,88,89,93,94,94,95,99,96,100,96,99,94,95,90,91,86,88,82,80,80,76,76,75,71,69,69,66,67,67,63,63,65,60,61,54,55,45,43,33,30,21,18,240
18,22,25,29,32,36,39,43,45,50,53,57,60,63,65,68,71,72,75,78,79,82,84,85,89,90,90,91,95,94,97,96,99,96,100,95,98,92,95,85,81,78,68,65,61,54,52,51,50,51,51,48,48,49,45,46,41,41,34,32,25,22,16,14,240
22,26,28,32,35,39,41,45,47,51,53,57,59,62,63,66,68,69,72,74,75,76,79,80,83,85,85,88,91,91,95,95,98,96,100,96,99,94,97,89,85,83,73,70,65,55,52,50,46,46,46,43,42,43,39,40,35,35,29,27,21,19,14,12,240
22,25,27,31,33,37,39,42,44,48,50,53,55,58,59,62,64,65,68,70,71,73,75,76,79,81,82,84,88,88,92,92,97,96,99,97,100,95,98,91,88,86,78,76,72,64,61,60,57,58,57,53,52,52,48,48,42,42,36,35,28,26,20,19,240
19,23,26,30,33,37,40,44,46,51,53,58,60,63,65,67,70,71,75,77,78,81,84,84,88,90,89,91,94,93,96,95,98,96,100,97,99,95,97,90,86,84,75,73,68,60,57,57,54,56,56,53,52,53,48,48,43,43,35,33,25,22,16,13,240
22,26,29,33,36,40,43,47,49,54,56,60,63,66,68,70,73,74,77,80,81,83,86,87,90,92,91,92,96,94,97,95,99,96,100,96,98,94,97,89,85,83,74,72,67,60,57,56,53,54,54,51,50,51,48,49,44,44,37,35,27,25,18,15,240
23,26,29,33,35,38,40,43,45,50,51,55,56,60,61,64,67,67,71,72,73,76,80,79,83,85,84,87,91,89,95,92,97,95,100,95,99,94,97,92,90,92,87,89,86,81,81,83,78,81,79,75,74,78,71,77,67,70,58,58,42,40,26,22,250
16,20,23,27,29,34,36,40,42,47,49,53,55,59,61,64,68,68,72,74,75,78,83,81,86,88,88,90,95,93,98,95,98,95,100,94,98,91,93,85,83,83,76,78,76,71,71,73,68,72,70,65,64,68,60,64,54,56,44,43,31,29,19,16,250
18,21,24,28,31,34,37,41,43,48,49,54,56,59,61,64,67,68,72,74,75,77,82,81,86,87,87,89,94,91,96,93,97,94,100,94,98,91,94,87,86,87,81,84,81,76,75,76,71,73,72,68,68,72,65,70,62,64,53,53,38,36,23,20,250
23,26,29,33,35,38,40,43,45,49,50,54,55,58,60,63,65,65,69,71,72,74,78,77,81,83,82,85,91,89,95,94,98,95,100,95,99,93,95,89,88,90,84,87,84,78,77,80,73,76,73,68,66,69,62,65,56,58,47,47,35,34,23,21,250
25,29,32,36,39,43,45,49,51,55,57,62,64,67,68,70,73,74,77,79,79,82,85,86,90,91,90,92,96,93,97,95,99,96,100,96,97,94,96,90,89,90,86,87,85,80,79,79,76,77,76,71,69,71,64,65,56,57,47,45,35,32,25,23,250
21,25,27,31,34,37,39,43,45,48,51,54,56,59,60,63,65,67,70,72,73,75,77,78,81,83,83,84,88,88,93,93,97,95,99,96,99,96,100,95,93,93,88,88,86,81,80,80,77,77,77,73,72,74,70,72,64,65,54,50,38,35,24,21,250
19,24,29,35,38,44,48,54,56,63,65,72,74,79,80,83,87,87,91,94,92,94,97,95,99,100,95,96,98,94,96,91,93,88,90,85,86,81,82,76,75,74,70,70,69,65,65,66,64,66,66,62,62,62,57,57,51,51,41,38,29,26,18,17,250
22,26,29,34,37,42,45,49,51,56,59,64,66,69,71,74,77,79,83,85,85,88,91,90,94,96,95,96,99,96,100,96,99,95,97,93,94,89,90,84,82,82,76,76,74,68,66,66,63,63,62,58,57,58,54,55,50,50,42,40,31,28,20,17,250
19,24,28,33,36,41,44,48,51,56,59,64,66,70,72,75,78,80,83,86,86,89,92,92,96,97,95,97,100,97,99,96,99,94,96,91,93,88,91,84,82,82,76,75,73,68,66,66,64,64,65,62,61,63,59,60,52,52,42,38,28,24,16,13,250
21,25,28,33,35,39,42,46,49,53,56,60,62,65,67,69,72,73,76,79,79,81,85,85,89,90,90,92,96,95,99,97,100,96,99,95,96,92,94,87,85,84,77,76,73,67,65,65,62,63,63,59,58,59,55,56,49,50,40,38,28,25,17,15,250
20,24,28,32,35,39,42,46,48,53,55,60,62,66,68,71,73,75,78,81,82,84,87,87,91,93,93,94,97,95,98,96,100,97,100,96,97,93,96,90,88,87,82,82,80,75,73,74,72,74,74,72,72,74,70,71,64,64,52,49,36,31,20,17,250
18,22,25,29,32,35,38,42,44,48,51,55,58,61,63,65,68,70,73,76,77,79,83,83,87,89,89,91,95,94,97,96,100,96,99,97,98,96,98,93,91,92,89,89,88,84,83,83,79,80,80,75,74,75,68,69,61,61,50,47,36,33,24,22,250
18,21,25,29,32,36,39,42,44,49,52,56,58,62,64,67,69,71,74,77,77,80,82,83,86,88,87,89,93,92,96,95,98,96,100,97,99,95,98,92,90,90,85,85,83,76,74,74,70,71,71,66,66,66,60,60,52,52,41,37,27,23,16,14,250
18,22,26,30,33,37,39,43,46,50,53,57,59,63,65,67,70,72,75,78,79,82,85,86,90,92,92,93,97,95,98,97,100,96,99,96,97,94,96,90,88,87,83,83,82,77,76,77,75,77,78,74,74,77,71,73,64,64,52,48,37,32,23,20,250
25,29,32,36,39,43,45,49,51,55,58,62,64,67,69,71,74,76,79,81,81,83,87,86,91,92,90,92,95,93,98,96,100,96,98,95,96,92,94,88,86,86,81,80,79,74,72,73,69,69,67,61,60,60,56,58,52,53,45,44,35,33,24,22,250
18,22,24,28,31,34,36,40,42,46,48,52,54,57,59,61,64,65,68,71,72,74,77,78,81,83,84,86,89,89,92,92,97,95,99,97,100,97,99,94,92,91,87,87,85,80,78,78,75,75,75,71,71,72,67,68,60,61,51,48,38,34,24,22,250
19,23,26,30,33,37,40,44,46,51,53,58,60,63,65,68,71,72,75,78,79,81,84,85,88,90,90,92,95,94,97,96,100,96,99,95,97,92,95,89,86,86,79,78,75,67,65,65,61,62,61,57,56,57,52,53,48,48,40,38,29,26,18,15,250
17,20,23,27,30,33,36,39,41,45,47,51,54,57,58,61,63,65,68,70,72,74,77,78,81,83,84,86,90,89,93,93,97,95,98,97,99,97,100,95,94,94,89,89,87,82,81,82,79,81,81,78,77,79,73,74,67,66,54,51,38,33,23,20,250
18,23,26,30,33,38,41,45,47,52,55,59,61,65,67,70,73,74,78,81,82,85,88,88,92,94,93,94,97,95,99,96,100,96,98,94,95,91,92,86,84,83,79,78,75,70,68,69,65,67,68,64,64,66,60,61,54,53,42,39,28,24,16,14,250
15,19,22,27,30,34,37,41,43,48,50,55,57,61,63,65,68,69,73,76,77,80,83,84,88,90,91,93,96,95,99,97,100,96,98,93,94,88,90,84,82,82,78,79,79,75,74,74,72,74,74,70,70,71,66,67,60,60,49,47,36,32,23,21,250
23,28,32,37,40,45,49,53,56,61,64,69,71,75,76,79,83,84,87,90,90,91,95,94,97,98,95,96,98,95,98,95,100,96,99,95,97,93,96,89,86,86,78,76,72,65,62,61,57,57,57,54,54,56,52,53,48,49,41,40,31,28,20,18,250
21,25,29,35,38,43,47,51,54,60,63,68,70,75,76,80,83,84,88,91,91,92,95,94,98,99,96,97,100,96,99,95,98,95,97,94,96,93,96,89,86,85,76,74,70,63,60,60,57,59,58,54,53,54,49,49,43,42,35,32,25,22,16,14,250
20,24,27,32,35,40,43,48,50,55,58,63,66,70,71,74,78,79,83,85,86,88,91,91,95,96,94,95,98,95,98,96,99,97,100,96,98,95,98,92,90,90,85,85,83,78,76,76,74,75,76,71,71,73,67,68,61,61,50,47,35,31,22,19,250
22,27,32,37,41,47,50,56,59,65,68,73,75,80,81,84,88,89,93,95,94,96,99,96,100,99,94,93,95,90,92,88,91,87,90,86,87,83,86,80,78,78,71,70,67,60,58,58,56,57,57,53,52,53,48,48,42,42,34,31,23,20,14,12,250
24,29,33,38,42,47,50,55,58,63,66,72,74,79,80,83,86,87,91,93,93,95,97,96,99,100,96,96,99,96,98,95,98,94,97,94,97,93,96,89,86,85,78,77,73,67,64,65,62,63,63,60,60,61,56,57,50,49,39,36,27,24,16,14,250
17,22,26,30,33,38,41,45,48,53,55,60,63,66,68,71,74,76,80,83,83,86,89,89,93,95,94,95,98,96,99,96,100,97,99,96,99,95,98,93,91,90,85,84,81,75,73,73,70,72,72,69,69,70,65,66,59,59,49,46,35,31,23,20,250
19,23,27,33,37,42,46,50,54,60,63,68,71,75,77,80,83,84,88,91,90,92,95,94,98,99,96,97,100,96,99,95,98,94,97,93,94,90,92,86,85,85,81,82,81,77,76,78,75,77,77,72,72,73,67,68,60,59,47,44,33,30,21,19,250
23,27,30,35,39,43,46,51,53,58,61,65,67,71,73,76,79,80,83,86,87,89,92,92,96,97,95,96,99,97,100,96,99,95,97,92,93,88,91,84,81,81,75,73,70,63,61,60,57,57,56,53,52,52,50,50,45,47,40,39,33,31,24,23,250
26,30,34,38,41,46,49,53,56,60,62,68,70,74,76,78,82,83,86,89,88,90,93,91,95,96,94,95,99,95,100,96,99,96,98,95,97,93,95,90,89,89,84,84,82,76,75,75,71,70,69,64,64,65,60,61,55,56,46,44,34,30,20,17,250
20,25,29,34,38,43,47,51,54,60,62,68,70,75,76,79,83,83,87,90,90,92,95,94,98,99,96,97,100,95,98,93,96,90,92,86,88,82,84,77,74,73,67,66,63,56,54,53,50,51,50,47,47,48,45,46,41,42,34,32,24,22,15,13,250
21,24,27,31,34,38,41,44,46,50,53,57,59,63,65,67,70,71,75,77,78,80,83,84,87,89,88,90,93,92,95,94,99,97,100,98,99,97,99,94,93,94,89,90,87,83,81,81,78,79,78,73,71,72,66,67,59,59,49,46,36,33,24,22,250
24,28,31,35,38,42,45,49,52,56,59,63,65,68,70,71,74,76,79,81,82,85,89,90,94,96,94,95,99,96,100,96,99,94,96,91,93,87,90,83,80,79,70,66,62,52,49,47,43,43,42,39,38,39,35,36,31,31,25,23,18,16,12,11,250
22,26,30,35,38,43,46,51,53,58,61,66,69,73,75,78,81,82,86,88,88,90,93,93,96,98,96,97,99,96,100,96,99,94,96,92,94,89,91,84,81,79,72,70,65,58,54,54,51,51,50,48,47,48,45,45,40,41,34,31,24,21,15,13,250
14,18,21,25,28,32,34,38,40,44,47,51,53,57,58,61,64,65,69,71,73,75,78,79,83,85,86,88,91,91,94,94,97,96,99,98,99,97,100,95,94,95,90,91,89,84,82,82,79,80,80,74,73,74,68,69,61,62,51,48,38,34,25,22,250
15,19,23,27,30,34,37,41,43,47,49,55,57,60,62,65,68,70,73,76,77,79,82,83,86,88,88,90,93,92,95,94,98,96,100,97,99,96,99,94,92,93,88,89,87,81,79,79,75,76,76,72,71,72,67,68,61,62,51,48,37,32,23,20,250
19,24,28,33,36,41,45,50,52,57,60,66,68,73,74,77,80,81,85,87,87,89,92,91,95,96,94,95,98,95,99,96,100,96,99,95,96,92,93,86,84,84,80,79,77,72,71,71,69,70,70,67,66,69,63,64,56,56,44,41,30,26,18,16,250
20,24,28,33,36,40,43,47,49,54,56,61,63,67,68,71,74,75,78,81,81,83,86,87,91,92,91,92,96,95,98,96,99,97,100,96,98,94,97,89,86,85,77,75,70,61,58,57,53,54,53,49,48,49,45,46,41,42,34,32,24,21,15,13,250
23,27,31,36,39,43,46,51,53,58,61,66,67,71,72,75,78,78,82,84,84,86,89,88,92,93,92,93,97,95,98,96,99,96,100,95,98,93,96,88,84,82,72,69,64,54,50,49,45,45,44,41,40,41,37,37,32,32,25,24,18,16,12,11,250
20,25,29,34,37,43,46,51,54,59,62,68,71,75,77,80,83,84,88,91,91,93,96,95,99,100,96,96,99,96,98,95,98,94,98,94,97,92,95,88,85,84,75,73,68,60,57,56,52,53,52,49,48,48,44,44,40,40,34,32,26,24,18,17,250
19,23,27,32,35,40,43,48,50,55,59,64,66,70,72,75,78,80,83,86,87,89,92,92,95,96,95,96,98,96,99,96,100,96,99,94,97,92,95,86,81,79,68,65,60,50,47,46,44,45,45,42,42,43,39,40,36,37,31,30,24,22,16,14,250
19,23,26,31,33,37,40,44,46,51,53,58,59,63,64,67,70,71,74,76,76,78,81,80,83,84,84,86,90,91,94,94,98,96,100,96,99,95,98,91,87,85,75,71,66,56,52,51,48,48,48,44,43,44,40,40,35,34,27,26,19,18,13,12,250
18,21,24,28,30,34,36,40,42,46,48,52,54,57,59,61,64,65,68,71,72,74,77,79,82,84,85,87,91,90,94,93,97,96,100,97,99,97,99,94,93,92,88,89,88,83,81,82,79,80,79,76,76,78,73,75,67,68,56,53,41,36,24,21,250
21,25,28,33,36,40,42,47,49,53,56,60,62,66,67,70,73,74,77,79,80,83,85,86,91,93,92,94,98,96,100,97,99,95,98,93,94,89,91,85,84,84,78,78,76,70,68,68,64,65,64,60,59,60,55,56,50,50,42,41,32,30,23,21,260
19,23,26,30,33,37,40,43,45,50,52,56,58,62,63,66,68,70,73,75,76,78,81,83,86,88,88,90,93,93,96,96,100,96,99,96,99,94,97,90,88,86,80,80,78,72,71,71,69,70,69,66,65,66,62,64,57,57,47,45,35,32,23,20,260
18,23,27,32,35,40,43,48,50,55,58,63,65,69,71,73,76,77,81,83,83,86,89,89,93,95,94,96,99,97,100,96,98,94,96,91,92,87,89,83,81,80,75,75,74,68,67,67,65,66,66,63,62,63,58,59,51,51,42,39,30,27,19,16,260
17,20,23,28,30,34,36,40,42,46,48,52,55,58,59,62,65,66,69,72,73,75,78,79,83,84,86,88,91,91,94,94,98,96,99,97,99,96,100,94,92,92,86,86,83,78,77,78,75,78,78,74,73,75,68,70,62,61,50,48,37,33,25,22,260
17,21,25,29,32,36,39,43,46,50,53,58,60,64,65,68,71,73,76,79,80,82,85,87,90,92,92,94,97,96,99,97,100,97,99,96,98,96,99,93,91,90,84,83,80,73,71,71,68,69,69,65,64,65,60,61,54,55,46,44,34,31,22,19,260
20,24,28,32,35,40,43,47,50,55,57,62,64,68,70,72,75,77,81,83,84,87,90,91,95,97,95,96,100,96,99,94,97,91,93,87,88,82,84,77,75,74,67,66,62,55,52,51,48,48,48,45,45,46,44,45,41,43,36,35,28,25,18,16,260
23,26,29,33,35,39,41,44,46,50,52,56,58,61,62,65,67,68,71,73,74,77,80,80,84,87,87,89,93,92,94,93,97,95,99,97,99,97,100,96,94,95,91,92,91,88,87,89,87,88,88,84,84,86,81,82,75,76,63,61,48,44,31,28,260
17,21,25,30,33,38,41,45,47,52,55,60,63,66,68,72,75,76,80,83,83,86,89,89,93,94,94,95,98,96,99,97,100,96,99,96,97,94,96,92,91,92,88,90,89,84,83,83,80,81,80,75,73,74,68,68,61,61,51,50,39,36,27,25,260
14,19,22,27,29,34,37,41,43,48,51,56,58,62,64,67,70,72,75,78,80,82,86,87,90,93,92,95,98,96,99,97,100,96,98,94,96,93,95,91,89,90,86,86,85,80,79,80,78,81,80,77,76,77,70,71,63,62,51,48,36,32,23,20,260
18,22,25,29,31,35,37,41,43,47,49,53,55,58,60,63,65,67,70,72,74,75,78,79,83,85,85,88,92,92,95,95,99,97,100,96,98,95,97,92,89,90,84,84,83,77,75,74,70,70,69,64,64,65,61,62,55,56,46,43,33,29,19,17,260
25,27,30,33,35,37,39,43,44,47,49,53,55,57,59,61,63,64,67,68,69,71,74,74,77,79,79,81,86,86,91,91,96,94,99,97,100,96,99,95,94,94,90,90,89,84,83,83,80,82,82,78,77,79,73,74,66,67,56,54,42,39,28,26,260
22,25,28,31,33,37,38,42,44,47,49,53,55,58,59,61,64,65,68,70,72,73,76,77,80,82,83,85,88,88,93,92,97,95,99,97,99,97,100,95,94,94,90,91,90,85,83,84,81,82,81,77,77,79,73,74,67,68,57,54,41,37,26,22,260
21,24,27,31,34,38,40,44,46,50,53,57,59,63,65,67,70,72,75,77,79,81,84,85,88,90,90,91,94,93,97,95,99,96,100,97,98,95,97,92,90,90,85,85,83,78,76,77,74,74,74,71,71,73,69,70,62,63,52,49,37,33,23,20,260
18,21,25,29,32,36,39,43,45,49,52,56,58,62,63,66,69,71,74,77,78,81,84,85,89,91,91,93,97,95,99,96,100,96,99,96,97,94,96,91,90,90,86,86,85,80,80,80,78,81,81,77,76,79,73,73,65,65,53,50,37,33,22,19,260
17,21,24,29,32,37,40,44,46,51,54,58,61,64,66,69,72,74,77,80,82,84,88,89,93,95,95,96,100,96,99,94,97,89,90,83,83,78,80,76,74,74,71,71,71,68,68,69,67,69,69,66,65,67,62,62,54,54,43,40,29,25,16,14,260
17,22,26,31,35,40,43,48,51,57,59,65,67,71,72,75,78,79,82,85,85,88,91,91,95,98,95,96,100,94,95,88,89,80,80,73,73,69,71,67,66,66,64,65,64,61,60,61,58,60,60,56,56,57,53,53,47,46,38,37,29,27,21,20,260
24,28,31,36,38,42,45,49,51,55,57,61,63,66,68,70,72,73,77,79,79,82,84,85,89,91,91,93,97,95,98,96,100,97,99,96,98,96,98,93,92,92,88,88,87,83,82,83,80,81,81,77,76,79,72,72,62,62,49,45,33,28,20,17,260
19,24,28,33,36,42,45,50,52,57,60,65,66,70,71,74,77,77,80,82,83,85,88,88,92,94,93,95,98,96,99,96,100,95,97,93,94,90,92,87,85,84,79,78,76,72,71,71,69,71,71,68,68,69,65,65,58,58,48,45,34,31,22,19,260
19,22,26,30,33,36,39,42,45,49,51,56,58,61,63,65,68,69,73,75,76,79,82,83,87,88,89,91,94,93,96,95,98,96,100,96,98,96,99,93,91,91,87,86,85,81,80,81,79,81,82,79,78,81,74,74,65,65,51,48,35,30,20,17,260
22,27,31,37,40,46,49,54,56,62,64,69,71,75,76,78,81,81,84,86,85,87,90,89,93,94,93,94,97,95,99,96,100,96,98,93,95,90,93,87,85,84,79,78,77,72,71,72,69,70,70,67,66,68,63,64,56,56,45,41,31,27,19,17,260
17,21,24,29,32,36,39,43,45,50,53,58,60,64,66,68,72,73,76,79,81,83,87,88,92,93,93,95,98,96,99,96,100,95,97,93,94,91,93,88,86,86,81,81,79,75,74,75,73,75,75,72,71,73,67,68,59,59,47,44,33,29,20,18,260
18,22,25,30,32,36,39,43,46,50,53,57,59,63,65,67,70,71,75,77,78,80,83,84,88,89,89,91,95,94,97,96,99,96,100,96,98,95,97,91,90,89,84,83,81,75,74,74,71,72,72,68,68,69,64,64,57,57,46,43,33,29,20,18,260
18,22,26,31,34,39,42,46,49,54,56,61,63,67,69,71,74,75,78,81,82,84,87,88,91,93,92,94,97,95,98,96,100,95,98,94,95,91,93,88,85,85,80,79,77,72,69,70,66,68,67,63,63,64,59,60,54,54,45,43,34,30,22,20,260
20,23,26,31,33,38,40,44,46,50,53,57,59,63,64,67,70,71,74,77,78,80,83,84,87,89,88,89,93,92,96,95,98,96,100,97,99,96,98,92,90,89,84,83,81,75,74,74,71,72,71,68,68,69,65,65,59,59,49,46,36,32,23,19,260
22,28,33,40,44,50,54,60,63,69,72,79,81,87,87,90,94,94,97,100,96,96,98,94,97,96,91,91,93,88,90,86,89,84,86,83,84,80,83,77,75,75,70,69,67,62,60,60,57,57,56,52,52,53,50,51,46,47,39,38,30,27,20,17,260
38,42,45,49,51,55,58,62,63,68,69,74,75,79,79,81,84,83,87,88,86,89,92,91,95,97,94,96,100,96,99,94,96,91,93,86,87,81,83,77,76,76,72,72,71,67,66,67,62,62,60,54,51,52,47,49,44,46,38,37,28,25,18,15,260
22,27,30,36,39,45,48,53,56,62,65,70,73,77,79,81,85,86,90,92,91,92,95,94,97,97,95,96,99,96,99,96,100,95,98,93,94,90,92,86,85,85,82,83,82,77,76,77,75,76,76,71,71,72,66,67,59,59,48,45,35,31,23,20,260
19,23,27,33,36,41,44,49,51,57,60,65,68,72,74,77,81,82,86,89,89,91,95,94,98,99,97,97,100,97,99,96,99,94,97,93,95,90,92,84,81,80,72,70,65,56,53,51,47,48,47,44,43,43,40,40,36,36,30,29,23,21,15,13,260
20,26,31,38,42,48,52,58,61,68,71,77,79,85,85,88,92,92,96,97,95,96,99,96,99,100,96,96,98,94,97,92,95,89,92,87,89,84,86,79,78,77,72,72,70,64,62,63,59,60,59,55,54,54,50,50,44,45,36,34,26,23,17,15,260
16,20,23,27,30,34,36,40,42,46,49,53,55,59,61,63,66,68,71,74,75,77,80,81,85,87,87,89,92,92,95,94,97,95,99,97,99,96,100,94,93,93,88,87,86,81,80,81,78,80,79,75,74,75,68,69,61,60,49,46,36,32,23,21,260
16,20,23,27,30,35,37,41,43,48,50,55,57,61,63,66,69,70,73,76,77,80,83,84,87,90,89,91,94,91,95,93,96,94,97,95,98,96,100,96,96,97,94,95,94,90,89,90,87,89,89,84,83,84,79,80,72,73,61,58,46,41,29,25,260
16,20,24,29,33,38,41,46,48,54,56,62,64,69,70,73,77,78,82,85,86,89,92,92,96,98,96,97,100,96,98,93,95,89,91,84,85,79,80,73,70,69,64,64,61,56,54,53,50,51,50,46,45,46,42,41,36,36,30,28,22,20,15,14,270
18,22,26,31,34,39,42,47,49,54,57,62,65,69,71,74,77,78,82,85,86,88,92,92,95,97,95,97,100,97,99,96,98,93,95,90,92,87,90,84,82,82,76,76,72,66,65,65,62,64,64,60,61,62,58,59,52,52,43,40,31,27,19,17,270
17,21,25,30,33,38,41,45,48,53,56,61,64,67,70,72,76,77,81,84,85,87,91,91,95,97,95,96,100,96,99,94,97,91,94,87,88,82,84,76,73,71,64,62,59,53,50,50,48,48,48,46,46,47,44,45,40,40,32,30,23,21,15,13,270
18,22,26,30,34,38,41,46,48,53,56,61,64,68,70,72,76,77,80,82,83,85,88,88,92,93,93,94,98,96,99,97,100,95,97,93,93,87,89,81,79,77,71,71,68,62,60,59,56,58,58,56,56,58,54,55,49,50,40,38,29,25,17,15,270
17,21,24,29,32,36,39,43,46,50,53,57,60,63,65,68,71,72,75,77,78,79,82,83,86,88,88,90,94,94,97,96,100,96,99,95,97,92,94,85,82,81,74,72,68,60,57,57,53,53,52,47,47,47,43,44,39,39,32,31,24,22,16,14,270
18,22,26,31,34,38,42,46,48,53,56,60,63,67,68,71,75,76,79,82,84,86,89,90,93,95,94,96,98,96,100,96,99,95,97,93,95,90,92,85,83,82,75,73,69,62,60,60,57,57,57,54,54,55,51,52,46,47,38,36,28,25,17,16,270
19,23,27,32,35,40,43,47,50,55,58,63,65,69,70,73,76,77,80,83,83,85,87,87,91,92,92,93,97,95,99,96,100,95,97,92,93,87,89,81,78,76,69,68,64,58,55,55,52,52,52,49,49,50,46,48,43,44,37,35,27,24,18,15,270
18,21,25,30,33,37,40,44,47,52,55,60,62,66,68,71,74,76,79,82,83,85,88,89,92,94,93,94,97,95,97,95,98,95,98,96,98,96,100,95,95,95,91,92,91,86,85,85,82,84,84,80,79,81,74,75,66,66,54,50,38,34,24,21,270
15,19,23,27,30,34,37,41,43,48,51,55,58,61,63,66,69,70,74,76,78,80,83,84,88,90,90,92,95,94,97,95,99,96,100,96,99,95,99,93,92,92,87,88,85,78,76,76,72,73,72,68,67,68,64,65,58,59,50,48,38,35,25,22,270
19,22,25,29,31,35,37,40,42,46,48,52,54,57,59,61,63,65,67,70,71,73,76,77,81,83,84,86,89,88,91,91,95,94,97,96,98,98,100,96,96,97,95,96,97,94,94,95,93,96,97,94,94,97,91,93,84,86,73,70,56,51,36,31,270
21,25,28,32,35,39,42,45,48,52,55,59,61,65,67,69,72,74,77,80,81,83,86,86,90,92,91,92,95,94,98,96,99,96,100,96,99,94,97,91,88,87,81,79,76,70,68,69,66,66,66,63,63,65,61,63,57,59,49,47,37,33,23,19,270
22,26,29,33,36,40,42,46,48,53,55,60,62,65,67,70,72,74,77,80,81,83,86,86,90,91,90,91,95,94,98,96,99,97,100,96,97,93,95,90,88,87,82,82,79,72,70,70,67,68,68,64,64,65,60,61,55,55,45,43,32,28,20,17,270
18,22,26,30,33,37,40,44,46,51,54,58,60,64,66,69,72,73,77,79,80,82,86,86,90,91,91,92,95,94,98,95,99,96,100,96,98,93,96,88,84,83,76,74,70,63,61,60,57,58,57,55,55,57,54,55,49,49,40,37,27,23,16,13,270
13,17,20,24,27,31,34,38,40,45,47,52,54,57,59,62,65,66,69,72,73,76,79,80,84,86,87,89,93,92,95,95,98,96,100,97,99,95,98,92,88,88,79,78,73,64,61,60,55,55,54,50,50,51,47,47,42,43,37,35,27,24,17,15,270
15,19,22,27,30,34,37,42,44,49,52,57,59,63,65,67,70,71,75,77,78,80,83,84,87,89,89,91,95,94,98,96,100,96,99,94,96,90,92,83,79,76,68,66,61,54,52,51,48,50,50,47,46,48,44,45,40,40,33,31,23,21,15,13,270
19,24,27,32,36,40,43,48,51,56,58,64,66,70,72,75,78,80,84,87,88,91,94,94,98,100,96,96,99,92,94,86,86,77,76,70,70,65,66,61,60,60,56,56,54,51,50,49,47,48,48,46,46,47,43,44,39,39,32,30,23,20,14,12,270
20,25,29,34,37,42,45,50,53,58,61,66,68,72,73,76,79,79,83,85,85,87,91,90,94,96,94,95,98,97,100,96,99,95,97,93,94,90,92,86,82,82,75,73,70,63,60,60,58,59,59,57,57,58,54,56,50,50,41,39,30,27,19,17,270
21,26,29,34,37,42,45,50,52,57,60,65,67,71,72,74,77,78,81,83,83,85,88,88,91,92,92,93,97,95,99,96,100,95,98,94,95,91,94,87,85,84,78,77,74,67,65,65,62,63,62,58,57,58,54,55,49,49,41,38,29,26,18,16,270
17,21,24,29,32,36,40,44,46,51,54,59,61,65,67,70,72,74,77,80,82,84,87,88,91,93,92,94,96,95,99,97,100,96,99,96,98,94,97,91,88,88,81,80,77,70,68,68,64,65,65,61,60,61,57,57,50,50,41,38,29,25,18,16,270
25,29,33,39,42,47,50,55,57,63,65,70,71,75,76,78,81,82,85,87,87,88,92,91,95,95,94,95,98,96,100,96,99,94,97,92,93,90,93,87,84,84,77,76,72,65,62,61,57,57,56,52,52,53,49,50,44,44,36,34,26,23,15,13,270
20,24,27,31,34,38,41,45,47,52,54,59,61,64,66,69,71,73,75,78,79,82,84,85,89,90,90,92,95,94,98,95,99,96,100,97,99,96,98,91,89,89,82,81,78,71,69,70,67,68,67,63,61,62,56,56,50,50,41,39,31,29,22,20,270
17,21,25,30,33,38,41,46,48,53,56,61,64,68,70,73,76,78,82,85,86,88,92,92,96,97,95,96,100,96,99,95,97,92,94,88,89,83,85,79,76,75,70,70,67,61,58,58,55,56,55,52,51,52,47,48,42,42,33,31,23,20,14,12,270
18,22,25,30,33,37,41,45,47,53,55,60,62,66,68,71,74,75,79,82,83,86,89,90,94,96,95,96,99,96,100,96,98,94,96,91,92,86,89,81,78,77,70,69,65,59,58,57,55,56,55,52,52,52,48,49,43,44,37,35,28,25,18,16,270
18,22,25,29,31,35,37,41,43,47,49,54,56,59,61,63,65,67,70,72,73,75,78,79,82,83,84,86,90,90,94,93,98,96,100,96,99,94,97,89,85,83,73,70,65,56,53,52,48,49,48,45,44,45,42,43,39,40,33,32,26,24,17,16,270
20,25,28,34,37,42,45,49,52,57,60,65,67,71,73,75,79,80,83,86,86,88,91,90,94,96,94,96,100,96,99,95,97,92,94,89,90,84,86,78,75,75,68,67,64,57,53,52,49,49,48,45,44,45,41,42,39,40,34,33,26,24,17,15,270
27,31,34,39,41,46,48,52,54,59,61,66,67,71,72,75,77,78,81,83,83,85,88,88,92,94,92,95,99,96,100,96,99,94,96,90,92,86,89,81,79,78,71,69,66,58,55,54,50,50,48,42,41,41,37,38,35,36,30,29,23,21,15,13,270
16,21,24,29,32,37,40,44,47,52,54,59,62,66,67,70,73,75,79,82,83,85,88,89,93,95,94,95,99,97,100,97,99,95,98,93,95,90,92,85,82,82,76,75,72,65,62,61,57,58,57,52,51,52,47,47,41,41,34,32,25,23,18,17,270
23,29,34,41,45,51,55,61,63,70,72,78,80,85,85,88,91,91,95,97,94,95,98,95,98,99,96,96,99,96,99,96,100,95,97,93,94,89,91,85,83,82,76,76,74,68,67,66,64,64,64,61,61,62,57,59,53,53,44,41,31,28,19,16,270
18,23,27,33,36,42,45,50,53,59,62,68,70,75,76,79,82,83,87,89,89,90,93,93,96,98,96,97,100,97,99,95,97,93,95,90,92,86,88,79,75,74,64,61,56,47,44,43,40,41,40,38,38,38,35,36,32,33,27,26,20,18,13,12,270
17,21,24,29,32,36,39,43,45,50,53,58,60,64,65,68,71,73,77,79,80,82,85,86,89,91,91,93,96,95,98,96,99,96,100,96,98,95,97,91,89,89,85,85,83,79,78,79,76,78,78,74,74,76,71,72,64,64,52,48,37,32,22,19,270
16,20,23,28,31,35,38,43,45,50,53,58,60,64,66,69,72,74,78,80,81,84,87,88,92,93,93,94,97,95,98,97,100,96,100,96,98,95,98,92,90,91,86,86,85,79,77,77,73,74,73,69,67,69,62,62,55,55,44,42,33,30,22,20,270
17,21,25,30,33,39,42,47,49,54,57,62,65,68,69,72,75,76,79,82,83,86,88,89,93,95,95,96,99,97,100,96,99,93,95,90,90,84,85,79,77,76,73,74,73,69,69,70,67,69,70,66,65,67,61,62,55,55,44,41,30,27,19,16,280
21,26,29,34,38,43,46,51,53,59,61,66,68,72,73,75,78,79,82,84,84,85,89,89,93,95,94,95,99,96,99,96,100,95,98,94,96,92,94,89,87,87,83,83,81,77,75,76,73,74,74,71,70,73,69,70,64,66,56,54,42,38,27,23,280
17,22,26,31,34,40,43,48,51,56,59,65,67,71,72,74,78,78,82,84,84,87,91,91,95,97,95,96,100,96,98,93,96,89,91,85,85,80,81,74,72,71,67,68,66,62,60,60,58,59,59,55,55,56,51,52,45,45,36,33,25,22,16,14,280
19,23,26,31,33,38,41,45,48,52,55,59,61,65,66,68,71,72,75,77,78,81,84,85,88,90,90,92,95,94,98,96,100,96,99,95,96,92,95,88,85,85,78,77,73,67,64,64,61,62,62,58,58,60,55,56,50,50,41,39,29,26,18,16,280
21,25,28,32,35,39,42,46,48,53,55,59,62,65,67,69,72,73,77,79,79,82,85,86,89,91,91,92,96,94,98,97,100,96,98,95,97,93,96,89,87,87,81,80,77,70,68,67,64,65,65,61,61,63,58,58,52,52,43,41,32,29,22,20,280
19,22,25,29,31,35,38,41,43,47,49,53,55,58,59,62,64,66,69,71,72,75,77,79,82,84,85,86,89,89,93,92,95,94,98,96,99,96,100,94,93,92,86,86,84,79,77,78,76,78,79,77,77,80,76,78,71,73,62,60,47,42,29,25,280
20,24,27,32,34,39,42,46,49,53,56,60,63,66,68,70,73,74,78,80,81,84,87,88,91,93,92,94,97,95,98,96,100,95,98,93,95,90,93,87,84,84,78,76,73,67,65,64,61,62,62,58,58,59,54,55,49,49,41,39,30,28,21,18,280
18,21,24,28,31,35,37,41,43,47,49,53,55,58,60,63,65,67,70,72,73,76,78,80,84,85,86,88,91,91,96,95,98,96,100,98,99,96,98,94,92,92,89,90,89,85,84,85,82,85,85,81,80,83,76,77,68,68,54,50,38,33,24,21,280
15,19,22,26,29,33,36,40,42,46,49,53,56,59,61,64,67,69,72,75,77,79,82,84,87,89,90,91,94,94,97,96,99,96,100,97,99,96,98,93,91,92,87,88,86,82,81,81,79,81,81,78,78,79,74,75,68,69,58,56,44,39,29,26,280
17,20,24,28,31,35,37,41,44,48,51,55,58,61,63,65,69,70,73,76,77,80,83,84,87,89,89,91,94,93,96,95,99,96,100,97,99,95,97,91,89,88,84,84,82,77,75,75,71,72,72,67,67,68,63,64,57,58,48,45,34,30,21,19,280
21,25,28,31,34,38,40,44,45,49,51,55,58,61,62,65,67,69,71,74,75,77,80,81,84,85,86,87,91,91,95,94,98,96,99,97,100,96,99,94,92,92,87,87,85,81,80,80,78,79,78,76,77,79,75,77,72,75,64,62,50,45,31,27,280
22,26,29,34,37,41,44,48,50,55,57,62,64,67,69,71,74,76,79,82,82,84,88,87,91,92,92,93,97,95,98,96,100,96,98,95,97,94,96,91,89,88,84,84,83,79,78,78,75,76,74,69,69,70,65,65,58,58,47,44,34,30,22,19,280
20,24,27,32,34,39,42,46,49,54,56,61,63,66,68,70,73,74,77,79,80,82,85,86,89,91,91,92,95,94,98,96,100,96,99,96,97,93,95,88,85,84,77,76,72,65,64,63,61,62,62,60,60,61,57,58,52,53,44,41,32,28,19,16,280
18,22,25,29,31,36,39,42,45,49,51,55,58,61,62,65,68,69,72,75,76,79,82,82,85,88,87,89,92,92,95,94,98,96,99,96,99,96,100,93,90,90,82,81,77,70,68,68,65,67,67,64,63,65,61,62,56,57,48,45,35,32,23,20,280
18,22,25,30,33,37,40,45,47,52,55,59,62,66,67,70,73,74,77,80,81,83,86,87,91,92,92,93,96,95,98,97,100,97,99,96,99,95,98,91,87,86,77,75,70,63,60,60,58,60,60,57,56,58,53,53,46,46,37,34,26,23,16,14,280
23,28,33,38,42,48,51,57,59,65,68,74,76,81,82,85,89,90,94,96,95,96,99,96,100,99,93,92,94,89,91,87,89,85,87,83,84,80,81,76,75,76,72,73,72,67,65,65,61,61,61,58,57,59,55,55,49,49,39,36,27,23,15,13,280
22,26,30,35,37,42,44,49,51,56,58,63,65,69,70,73,76,77,80,83,84,86,89,89,92,94,93,94,98,96,100,96,99,95,97,93,95,90,92,86,84,83,76,74,71,64,62,63,60,60,60,57,56,58,54,55,49,49,41,39,29,26,18,16,280
20,24,27,31,34,38,40,44,46,51,53,57,59,62,64,66,69,70,73,75,76,78,80,81,85,86,86,88,92,91,95,95,98,96,100,97,99,96,98,91,88,87,79,77,73,66,63,62,59,60,60,57,56,57,53,54,48,49,40,38,30,27,20,18,280
16,20,24,29,32,37,40,44,46,52,55,60,62,66,67,70,73,75,78,81,82,84,87,88,91,94,93,95,97,96,99,97,99,97,100,96,98,95,98,93,91,91,86,85,83,78,76,76,74,75,76,73,73,75,70,71,62,63,52,49,38,35,25,23,280
23,29,33,38,41,47,50,55,58,63,66,71,73,77,78,80,83,83,86,88,88,90,93,93,96,98,96,96,99,96,100,96,99,94,97,93,94,90,93,85,82,80,72,69,65,58,56,56,53,54,54,51,51,53,49,51,46,47,40,38,30,27,20,17,280
24,28,32,36,38,43,45,49,52,56,59,63,65,68,70,72,75,76,79,81,82,83,87,87,91,93,91,94,97,95,99,96,100,95,98,93,95,90,93,85,82,81,73,72,69,62,60,60,57,58,58,54,53,53,48,48,44,45,39,38,30,28,21,19,280
19,23,26,30,33,37,40,44,46,50,52,57,59,62,64,66,69,70,74,76,77,80,83,84,88,89,90,91,95,94,98,96,100,96,99,95,96,92,94,88,86,86,81,81,80,74,73,73,71,72,73,69,69,70,65,66,58,58,46,43,31,27,18,16,280
18,22,25,30,33,37,40,45,47,52,55,59,61,65,66,69,72,74,77,79,80,83,86,87,91,93,93,94,98,96,99,97,100,96,99,96,97,94,96,91,89,90,85,85,84,79,79,80,78,80,80,77,77,78,72,73,64,65,52,48,37,32,23,20,280
18,21,24,28,31,35,37,41,43,48,50,54,56,60,61,64,66,67,70,73,74,76,79,79,82,84,85,86,89,89,93,93,96,95,100,97,99,95,99,91,88,87,79,76,72,64,62,61,58,58,58,56,56,57,53,54,49,50,42,40,32,29,21,19,280
22,26,29,34,36,40,43,47,49,54,57,61,63,67,68,71,73,74,77,80,81,83,86,87,91,92,92,93,97,95,99,96,100,96,99,95,96,92,94,88,87,87,83,83,83,78,77,78,74,75,75,70,69,71,66,66,59,59,48,45,35,31,22,19,280
21,25,28,33,36,40,43,47,50,55,57,62,64,68,69,72,75,76,79,82,83,86,89,89,93,94,94,95,99,96,100,96,99,94,97,92,93,88,90,84,82,82,77,76,74,67,65,65,63,63,63,61,61,62,59,61,55,56,46,44,34,30,21,19,280
16,20,23,28,31,35,39,43,45,50,53,57,60,64,66,69,72,74,78,80,82,85,88,89,93,94,94,96,98,96,100,96,99,95,98,93,95,90,92,86,84,84,79,79,77,72,70,70,67,70,70,66,66,67,62,63,56,56,47,44,34,32,23,21,280
20,24,28,32,35,40,43,47,50,55,57,62,64,68,70,72,75,77,80,82,83,85,88,88,92,94,93,94,98,95,99,96,100,95,97,91,92,87,89,81,78,77,69,66,62,54,50,48,45,45,45,42,41,42,39,40,36,36,31,30,24,21,15,13,280
22,26,29,34,37,42,45,50,52,57,60,65,67,71,72,75,77,78,81,83,83,84,87,88,91,93,92,94,98,96,99,97,100,96,98,95,96,93,95,89,88,88,82,82,80,75,73,74,71,72,71,67,66,67,61,62,54,54,44,41,31,28,20,18,280
15,19,22,26,28,32,34,38,40,44,47,51,54,57,59,61,64,66,68,71,73,75,78,80,83,86,87,89,93,92,95,95,98,96,99,97,99,97,100,96,95,96,93,94,94,90,89,90,86,88,88,83,83,84,79,80,72,73,61,58,46,42,32,30,280
19,23,26,30,33,37,39,43,45,49,52,56,58,61,63,66,68,69,72,75,76,78,81,82,86,87,87,89,93,92,96,95,98,96,100,97,99,96,99,94,93,94,91,92,92,89,89,90,86,87,87,83,82,84,76,76,66,65,51,46,33,28,19,17,280
16,19,22,27,30,34,37,42,44,49,51,57,59,62,64,67,71,72,76,78,80,82,86,86,90,92,92,93,97,95,98,96,99,96,100,96,98,95,97,93,93,95,91,93,92,89,88,90,87,89,90,86,85,87,80,81,72,71,57,53,39,34,24,20,280
18,21,24,28,31,34,36,40,43,47,49,53,55,59,61,63,67,67,71,73,74,77,82,81,85,87,87,89,93,91,96,94,98,95,100,94,99,92,95,87,84,86,79,80,77,72,71,73,69,72,71,67,66,71,63,67,57,60,48,48,35,34,22,20,290
18,21,24,28,31,35,36,40,42,47,48,53,54,58,59,62,66,66,70,72,74,76,80,80,84,86,87,89,93,91,96,93,98,95,99,95,100,93,97,90,88,89,83,85,81,76,75,77,72,76,74,70,70,74,67,71,61,64,52,52,39,36,24,22,290
24,26,29,33,34,38,40,43,45,48,50,53,55,58,59,62,65,65,68,70,71,73,77,76,81,83,83,84,90,89,95,92,97,95,99,95,100,95,97,92,91,92,87,90,88,83,82,84,79,81,79,74,73,77,69,74,65,67,56,57,43,42,29,27,290
15,19,23,27,30,35,39,43,46,51,53,59,61,65,67,70,73,75,78,81,82,84,88,88,92,94,93,95,98,96,99,97,100,95,97,92,93,87,88,80,76,76,70,69,66,60,57,57,54,54,54,50,49,50,45,45,39,39,31,28,21,18,13,11,290
17,21,25,30,33,38,41,45,48,53,56,61,63,68,69,72,75,76,80,82,83,85,89,89,93,95,94,95,99,96,100,95,98,92,94,86,87,79,79,70,67,66,60,59,57,50,47,45,42,42,41,39,39,40,38,39,35,37,31,30,24,22,16,14,290
15,19,23,28,31,36,40,44,47,52,55,61,63,67,69,72,75,76,79,82,82,85,88,88,92,94,94,95,99,96,100,95,99,93,95,88,88,81,82,73,70,69,62,62,59,54,52,52,49,50,49,46,45,46,42,43,38,38,31,30,23,21,15,14,290
18,22,26,30,32,37,39,43,45,50,52,57,59,63,65,67,69,71,74,76,77,79,82,83,86,88,88,91,95,93,97,95,100,95,97,91,93,86,87,79,75,73,66,64,61,54,52,52,48,49,48,45,44,44,42,42,38,38,32,31,24,22,16,13,290
15,20,24,29,32,37,40,45,47,53,56,61,63,67,69,72,75,76,80,82,82,84,87,88,91,93,93,95,98,96,99,96,100,93,95,87,87,78,78,68,64,62,56,55,52,46,44,43,41,41,41,39,39,40,38,39,35,35,29,28,22,20,14,12,290
18,22,25,29,32,36,39,43,45,49,52,56,59,62,64,67,69,71,74,76,77,79,82,83,87,89,89,91,94,93,97,95,99,96,100,96,99,95,97,91,88,87,79,77,72,64,61,60,57,58,58,56,56,58,55,56,51,53,44,43,34,31,22,19,290
17,21,25,29,32,36,39,43,45,50,52,57,59,63,65,67,70,71,74,77,78,80,83,84,87,89,89,91,94,94,97,96,100,96,99,94,96,90,91,83,79,78,71,69,65,58,55,54,51,52,51,48,48,49,45,45,39,39,32,30,23,21,15,14,290
16,20,23,27,30,34,37,40,42,47,49,54,56,60,61,64,67,68,72,74,76,78,81,82,86,88,89,91,94,93,97,95,99,96,100,97,98,94,96,91,89,89,85,85,83,77,75,75,72,72,72,68,67,69,64,65,57,58,49,46,36,33,24,22,290
14,17,21,25,27,31,34,38,40,44,46,51,53,57,58,61,64,66,69,71,73,75,78,79,83,85,86,88,92,91,95,94,97,96,99,97,99,97,100,94,93,93,87,88,85,78,75,74,70,71,69,66,65,66,61,63,57,57,48,45,35,31,22,19,290
20,24,27,31,34,37,40,43,46,50,52,56,58,62,63,66,68,70,73,75,77,79,82,83,86,88,89,90,94,92,96,95,99,96,100,97,98,95,97,91,89,89,86,86,86,82,81,81,77,78,78,75,73,75,70,71,63,63,52,49,37,32,22,18,290
16,20,22,26,29,32,35,38,40,44,46,51,53,56,58,60,63,64,67,69,71,73,76,77,80,82,83,86,89,89,93,93,97,95,99,97,100,96,99,92,89,88,81,80,76,70,68,67,65,66,66,62,61,62,58,59,53,54,47,45,36,33,24,21,290
16,20,23,27,30,34,37,41,43,47,50,54,56,60,62,64,67,68,71,74,75,78,81,82,86,88,88,90,93,93,97,96,99,96,100,95,97,91,93,84,79,76,66,63,58,51,48,47,43,43,43,40,40,41,38,38,34,34,28,26,20,18,13,11,290
18,22,25,29,31,35,38,42,44,48,51,55,57,60,62,64,67,68,71,73,75,77,79,81,84,86,87,89,92,92,96,95,98,96,100,97,99,95,98,91,88,88,81,79,76,68,66,66,62,63,62,59,58,60,56,58,53,53,45,43,34,31,23,20,290
14,17,20,24,27,31,33,37,40,44,46,50,53,56,58,61,63,65,68,70,72,74,77,78,81,83,84,86,90,90,94,93,97,95,99,97,100,95,99,90,87,85,75,72,66,56,52,51,47,48,47,44,43,43,40,40,36,36,30,29,23,21,16,14,290
15,19,22,26,29,33,36,40,42,47,49,54,56,59,61,64,66,68,71,73,74,76,79,80,83,85,86,88,91,91,95,94,98,96,100,96,98,92,95,84,79,77,65,61,55,45,41,39,35,35,35,32,31,32,29,30,27,27,23,22,17,15,11,9,290
19,23,27,32,36,40,43,48,50,56,58,64,65,69,70,72,75,76,79,81,82,84,88,88,92,94,93,95,98,96,99,96,100,95,97,92,93,89,90,86,84,85,81,81,80,76,75,76,74,75,75,72,71,73,68,69,61,61,51,48,37,33,24,21,290
18,23,26,31,34,39,42,47,49,54,57,62,64,68,70,72,75,76,80,82,83,86,90,90,94,96,94,95,99,96,100,96,98,91,92,85,86,80,82,76,75,74,69,69,66,61,59,59,56,57,56,52,51,52,47,47,40,40,32,29,22,19,13,12,290
17,22,26,31,35,40,43,48,50,56,58,64,66,70,71,74,77,78,81,83,84,87,90,90,94,96,95,96,100,96,99,95,98,91,92,84,84,77,79,72,69,69,63,62,59,52,49,48,45,46,47,44,43,45,41,42,37,37,31,29,23,20,15,13,290
15,19,23,28,31,36,39,43,46,51,54,59,61,66,67,70,73,74,78,81,82,84,88,88,92,94,94,95,99,96,100,95,98,92,94,88,88,82,84,78,77,77,74,74,72,67,65,65,61,62,62,58,57,58,53,53,47,47,39,37,30,27,20,19,290
19,24,27,33,36,41,44,49,51,57,59,64,66,70,70,73,76,77,80,82,82,84,87,87,91,92,92,93,97,95,99,96,100,95,98,93,95,90,93,85,82,82,74,72,68,60,56,55,52,54,54,51,50,52,48,49,43,44,36,35,27,24,17,15,290
22,27,30,35,39,43,47,51,54,59,62,68,70,73,75,77,80,81,84,85,85,86,89,88,92,93,92,93,97,95,99,97,100,96,98,94,95,90,93,87,85,84,77,75,71,63,60,59,55,55,54,51,50,51,47,48,43,43,36,34,26,24,18,16,290
16,20,23,28,31,35,39,43,45,50,53,58,60,64,66,68,71,73,76,79,81,83,86,87,91,93,93,94,98,96,100,95,99,93,95,88,89,82,82,73,69,68,63,62,60,55,54,54,52,53,53,51,50,51,48,49,44,44,37,35,27,24,17,15,290
16,20,24,28,31,36,39,44,46,52,54,59,61,65,66,69,72,73,76,78,79,82,85,86,90,92,92,94,97,95,99,96,100,95,98,93,94,88,90,83,81,80,76,75,73,68,66,67,64,65,64,61,60,62,57,57,51,51,42,40,30,27,19,17,290
18,22,25,30,33,37,39,43,46,50,53,57,60,63,65,68,71,72,75,78,79,81,84,85,88,90,90,92,96,94,98,95,100,96,99,94,96,90,92,84,80,79,70,68,63,54,51,49,47,48,48,46,46,48,45,47,43,45,38,37,29,26,19,16,290
18,23,27,32,35,40,43,48,51,56,59,64,67,71,72,75,78,79,83,85,85,87,90,90,93,95,93,95,98,96,99,96,100,94,96,90,91,84,85,76,73,72,65,63,59,52,49,48,45,45,44,41,41,42,39,40,36,36,30,28,21,19,13,11,290
18,23,27,32,35,40,43,48,50,56,59,64,66,70,72,74,77,78,82,84,84,85,88,88,91,93,92,94,97,95,99,96,100,95,98,92,93,86,87,79,76,75,68,66,63,55,52,51,47,47,46,44,43,45,41,42,38,39,32,30,22,20,14,12,290
26,29,32,36,39,42,45,48,50,54,56,60,62,66,67,70,72,73,76,78,79,81,85,85,90,92,91,93,97,95,99,96,100,95,97,93,94,90,91,85,83,83,78,78,76,70,68,68,64,65,64,59,58,59,54,55,48,47,37,33,24,21,14,13,290
23,26,29,33,36,40,42,47,49,53,56,60,62,65,66,69,71,72,75,77,78,80,83,83,86,88,87,89,92,92,95,94,99,96,100,97,99,96,99,93,90,90,83,81,77,69,66,65,62,62,61,57,56,58,54,55,49,51,43,42,33,29,20,18,290
19,23,27,32,36,41,44,49,51,57,59,65,67,71,73,75,78,79,82,84,85,86,89,89,93,94,93,94,98,95,99,96,100,95,97,92,93,87,89,80,77,76,67,65,60,51,47,45,41,42,41,38,38,38,36,37,33,34,29,27,21,19,14,12,290
15,19,21,25,28,32,34,38,40,45,47,51,53,57,58,61,64,65,69,71,73,75,78,79,82,85,86,88,92,92,95,94,98,97,100,97,99,96,98,92,91,91,86,86,84,78,76,75,72,73,73,69,69,71,67,69,63,64,55,53,42,39,28,25,290
18,22,25,30,33,37,40,44,47,51,54,58,61,64,66,69,71,73,76,78,79,81,84,85,88,90,90,91,95,93,97,96,99,96,100,97,99,95,97,92,89,89,84,84,82,77,75,75,72,73,72,68,68,69,64,65,58,59,49,46,35,32,23,20,290
18,22,25,29,32,36,39,43,45,49,52,56,59,62,64,67,69,71,74,77,78,80,83,84,88,89,89,91,94,93,97,96,100,97,99,97,98,95,98,93,92,92,87,87,85,80,78,78,75,76,76,72,72,73,67,68,59,59,48,45,34,30,21,19,290
17,21,24,29,32,36,38,42,44,48,51,55,57,61,62,65,68,69,72,74,75,77,80,81,84,86,86,88,90,90,94,94,98,96,99,96,100,95,98,90,86,84,74,70,65,55,51,49,46,47,47,44,42,44,40,40,35,35,29,27,21,19,14,12,290
32,35,38,41,44,48,50,53,55,59,61,64,66,69,69,72,75,76,80,82,82,84,88,88,93,94,93,95,98,97,100,97,99,95,98,93,95,89,92,83,78,77,67,65,59,51,47,46,42,43,42,39,38,39,35,36,33,34,30,29,25,23,18,17,290
16,20,23,27,30,34,36,40,43,47,49,54,56,59,61,64,66,68,71,74,75,77,80,82,85,87,87,89,92,92,95,94,98,95,99,96,100,96,99,92,89,88,79,76,71,61,56,55,51,51,51,47,46,46,43,43,38,39,34,32,27,26,21,20,290
16,20,24,29,32,37,40,45,47,53,55,60,63,67,68,71,74,75,78,80,81,83,86,87,90,92,91,93,96,95,99,96,100,96,98,93,96,89,91,81,75,72,60,55,49,40,36,35,32,33,32,30,30,31,28,29,26,26,22,22,17,16,12,11,290
19,23,27,32,35,39,42,46,48,53,56,61,63,67,68,70,73,74,78,80,80,82,84,84,87,88,88,90,93,92,96,95,99,96,100,96,99,93,97,87,82,79,67,62,56,46,41,40,37,38,38,35,34,34,31,32,28,29,24,23,18,16,11,10,290
19,23,26,29,32,35,37,41,43,47,49,53,55,58,60,62,65,66,70,72,73,75,79,79,83,85,86,88,93,90,95,93,98,95,100,94,97,92,94,88,87,89,83,86,84,80,80,82,78,82,80,76,76,82,73,79,68,69,56,56,40,38,24,21,300
18,22,25,30,32,36,39,43,45,50,52,56,59,62,64,67,71,72,75,78,79,81,86,85,90,92,91,93,98,95,100,95,99,94,98,91,95,88,90,83,80,82,75,77,74,69,69,71,67,70,69,65,66,70,63,68,58,60,49,48,34,32,20,17,300
25,28,31,35,37,41,43,46,48,53,54,58,60,63,65,67,70,70,74,76,76,78,83,82,87,88,87,90,96,93,99,95,100,95,99,93,97,90,92,86,83,84,77,79,76,71,70,72,66,67,65,60,59,62,57,60,52,54,43,43,31,28,19,16,300
19,23,26,30,33,37,39,43,46,51,52,57,59,64,65,68,71,72,76,78,79,82,86,85,90,91,90,91,96,93,99,95,100,94,99,92,97,89,92,83,80,81,73,74,71,66,65,66,62,65,63,60,60,63,57,61,53,56,46,45,33,32,20,18,300
17,21,24,28,30,34,37,41,43,48,50,54,56,60,62,65,69,69,73,75,76,79,84,83,87,89,90,92,96,95,99,96,99,94,100,93,97,91,93,86,84,86,80,81,79,74,73,76,72,76,75,72,73,79,71,76,67,69,56,56,40,38,24,20,300
19,23,27,32,35,40,43,48,50,55,58,63,65,69,71,73,77,78,81,84,85,87,91,91,95,97,95,96,100,95,98,92,93,84,84,77,77,72,73,67,64,64,59,58,56,50,48,47,45,46,46,44,44,45,42,43,39,40,33,32,25,22,16,14,300
17,21,24,29,32,37,41,45,47,52,55,60,63,67,68,71,74,76,79,82,83,85,89,90,94,96,95,96,99,96,100,95,98,92,93,88,88,83,85,77,75,74,68,66,63,56,54,54,51,52,52,48,47,47,42,42,36,36,29,27,21,19,14,13,300
18,22,26,31,34,39,42,46,49,54,57,61,64,68,69,72,75,77,80,82,83,86,89,90,94,96,95,96,100,96,100,96,98,92,93,87,88,81,82,74,71,70,64,62,59,53,51,50,48,48,48,45,45,45,42,43,37,38,31,29,23,20,14,12,300
17,21,24,29,32,36,39,43,45,50,53,57,59,63,65,67,70,71,75,77,78,81,84,85,89,91,91,93,96,95,99,96,100,95,97,92,93,88,90,83,80,80,73,72,68,61,59,58,56,56,56,54,54,55,52,54,49,50,42,41,32,28,20,17,300
18,23,27,32,35,40,43,47,50,55,58,63,66,70,71,74,77,78,81,84,85,87,91,91,94,96,94,96,99,96,100,95,97,90,92,85,85,79,80,73,70,70,64,63,61,55,54,54,52,53,52,50,49,51,47,49,44,44,36,35,26,23,16,14,300
17,21,25,29,32,36,39,43,46,51,53,58,60,64,66,68,71,73,76,79,80,83,86,87,91,93,93,95,98,96,100,96,99,94,96,91,91,86,87,80,77,76,71,70,67,61,58,57,55,56,56,53,53,55,51,52,47,48,40,38,30,26,19,16,300
19,23,27,31,34,38,41,46,48,53,55,60,62,66,68,70,73,75,78,80,81,84,88,88,92,94,93,94,97,96,99,96,100,96,99,94,96,91,93,86,83,82,75,73,70,62,60,60,57,58,57,54,54,55,51,51,46,47,39,38,30,27,21,19,300
15,19,22,27,30,34,37,41,43,48,51,55,58,61,63,66,69,71,74,77,79,82,85,86,90,92,92,94,98,96,99,96,100,95,97,93,94,90,92,86,84,85,79,79,77,70,68,68,64,65,65,61,60,61,56,56,49,49,40,38,28,25,18,16,300
15,19,23,27,31,35,38,42,44,49,51,56,59,63,64,67,70,72,76,78,80,83,86,87,91,93,93,95,98,96,100,96,99,94,96,91,92,87,89,82,80,80,76,75,73,66,64,64,60,61,60,56,55,55,51,51,46,45,38,36,28,26,20,18,300
18,22,25,30,33,37,39,43,46,50,53,57,60,63,65,68,71,73,76,79,80,83,86,86,90,92,92,93,97,95,98,96,100,96,99,95,96,90,92,84,81,79,73,73,70,65,64,64,62,62,62,60,60,61,58,59,54,56,48,46,37,32,23,20,300
21,25,27,31,34,37,39,43,45,49,51,56,57,60,62,64,67,68,71,74,75,77,80,81,84,86,86,87,91,90,95,94,99,96,99,97,100,96,98,92,90,90,84,83,81,76,74,75,71,72,71,68,66,68,64,64,58,59,49,47,36,32,23,20,300
17,21,23,27,30,34,36,40,43,47,49,53,56,59,61,63,66,67,70,72,74,76,79,80,83,85,86,88,91,90,95,94,99,96,100,96,98,95,97,90,87,86,79,77,74,68,65,65,62,63,62,58,57,57,52,51,45,45,37,35,28,26,20,18,300
17,21,24,29,31,36,38,43,45,49,52,56,59,62,64,67,69,71,74,77,78,80,83,84,87,89,89,91,94,93,97,95,99,96,100,96,98,94,97,89,85,84,75,71,66,58,54,52,49,50,50,47,48,49,46,47,42,43,36,34,26,23,16,14,300
22,25,28,31,34,37,40,44,46,50,52,56,58,61,62,64,67,69,72,74,75,77,80,81,84,86,86,88,92,92,96,95,98,97,100,96,98,94,97,92,89,89,83,81,79,72,70,69,66,67,66,62,62,63,59,60,54,55,47,45,35,32,23,19,300
15,19,22,27,29,33,36,40,43,47,50,54,56,60,62,64,67,69,72,75,76,79,82,83,87,89,89,91,95,94,97,96,100,96,99,94,96,91,93,86,83,82,75,73,70,63,60,59,56,57,56,53,52,53,49,50,43,43,35,32,24,21,15,13,300
21,25,28,33,36,41,44,48,50,55,57,62,65,68,70,72,75,76,80,83,83,85,88,88,91,93,92,93,97,94,98,96,100,96,99,95,97,92,94,86,83,81,73,71,66,58,55,54,51,51,51,48,47,48,45,45,41,42,35,34,27,25,19,18,300
19,24,28,33,37,42,45,50,53,58,61,66,68,72,72,74,77,77,80,82,82,84,87,87,91,92,92,94,98,96,99,96,100,94,97,91,92,85,87,79,75,75,67,65,61,54,52,51,48,49,49,45,45,46,42,43,38,38,32,31,25,23,17,15,300
15,19,22,26,29,33,36,40,42,46,49,54,56,59,61,63,66,67,70,73,74,76,80,81,84,86,87,89,92,92,95,95,98,96,100,97,99,96,99,93,91,90,83,82,78,71,69,69,65,67,67,63,62,64,58,58,50,49,38,35,26,22,15,13,300
20,25,29,35,38,44,47,52,55,61,63,69,70,75,75,77,80,81,84,86,85,87,90,89,93,94,93,95,98,96,99,96,100,95,97,91,93,86,88,79,76,74,66,64,60,53,51,51,48,48,48,45,44,45,41,42,37,37,32,31,25,23,18,17,300
22,28,32,38,41,47,50,56,58,64,67,72,73,77,77,79,82,81,84,86,86,88,90,90,93,95,93,95,99,96,100,95,98,91,92,84,84,77,78,72,70,69,64,64,62,57,56,55,53,54,54,52,51,53,49,50,45,46,38,37,28,25,17,15,300
15,19,22,27,30,34,36,41,43,47,50,55,57,60,62,65,68,70,73,76,77,80,83,85,89,91,92,94,97,96,99,97,100,94,96,91,92,87,88,82,80,79,75,74,73,68,66,67,64,65,65,61,61,62,58,59,52,52,43,40,29,26,18,15,300
19,24,28,33,36,41,44,49,51,56,59,65,67,71,73,76,79,81,84,87,87,90,93,93,97,98,96,96,100,96,99,95,97,91,92,86,88,82,84,77,74,73,66,65,62,56,54,54,50,50,49,46,46,47,44,44,40,41,35,33,26,23,16,14,300
18,22,25,29,32,36,38,42,44,49,51,56,58,61,63,66,68,70,73,75,77,79,82,83,86,88,89,91,94,94,98,96,100,96,100,96,99,94,97,89,86,84,76,73,69,62,60,59,57,58,58,55,54,56,52,53,48,49,42,40,32,29,21,19,300
19,24,28,33,36,41,45,49,52,57,60,65,67,71,73,76,79,80,83,86,87,89,92,92,96,97,95,96,100,96,98,93,95,89,90,83,83,77,78,71,67,66,58,56,52,44,41,40,37,37,37,35,35,36,34,35,32,33,27,26,20,18,13,11,300
26,30,33,38,41,45,48,52,54,59,61,66,68,71,72,75,78,79,82,84,85,87,90,91,95,96,94,96,99,96,100,94,96,88,89,82,82,76,77,70,67,67,60,59,56,49,46,46,42,42,41,37,36,36,33,34,31,31,26,24,18,16,11,9,300
16,20,24,28,31,36,39,43,45,50,52,57,60,63,65,68,71,72,75,78,79,82,85,86,89,91,91,93,96,95,99,97,100,95,98,93,95,89,93,84,80,79,69,66,60,50,45,44,40,40,39,35,34,35,32,31,28,28,23,22,18,17,14,13,300
20,24,28,33,37,42,45,49,52,57,60,65,67,71,73,76,79,80,83,85,85,87,90,90,93,95,93,95,98,96,99,97,100,95,98,93,96,89,92,82,77,75,63,59,52,41,36,35,31,32,31,28,28,28,26,26,24,24,20,19,15,14,11,10,300
20,25,29,35,38,44,47,52,55,61,64,69,71,76,77,80,83,83,87,89,89,91,95,94,98,99,96,96,100,95,96,90,92,84,84,77,78,72,74,67,64,62,54,52,47,39,36,35,33,34,33,31,31,31,29,29,26,27,22,21,17,15,11,10,300
16,20,23,28,30,35,37,41,44,48,51,56,58,61,63,66,69,70,74,77,78,80,83,85,89,91,91,93,97,95,98,97,100,96,99,94,95,90,92,85,82,82,77,76,73,66,64,64,60,61,61,58,57,58,53,53,47,47,38,35,27,24,18,15,300
16,20,24,29,32,37,40,45,47,53,55,60,63,67,69,72,75,77,80,83,84,86,90,90,93,95,94,95,99,96,100,96,98,93,95,90,90,85,87,81,79,79,76,76,74,70,69,69,66,68,67,63,63,65,59,60,52,52,42,38,28,24,17,15,300
17,21,25,30,33,38,41,46,48,54,56,61,64,68,70,72,76,77,80,83,84,86,89,90,94,95,94,95,99,97,100,96,98,93,95,89,90,85,86,80,77,77,72,72,70,64,61,60,56,57,57,54,53,54,50,52,46,46,38,35,27,24,17,14,300
21,25,28,32,35,39,42,46,49,53,56,60,62,66,67,70,72,73,77,79,79,81,84,84,88,90,89,91,94,93,97,96,99,96,100,95,99,93,96,86,82,80,69,65,58,48,44,43,39,39,38,35,34,35,32,32,28,28,23,22,17,15,11,10,300
19,24,27,32,35,40,43,47,50,55,57,62,65,68,70,73,75,77,80,82,83,85,88,88,91,93,92,94,98,96,100,97,99,94,97,91,93,87,90,81,76,73,62,59,54,45,42,41,38,38,37,33,32,33,30,30,27,27,23,22,17,16,11,10,300
17,21,24,28,30,34,37,41,43,47,50,54,56,59,61,63,66,67,70,73,74,76,79,80,83,84,85,87,90,90,94,94,98,96,100,96,99,94,98,89,84,81,71,67,61,51,47,45,41,42,42,39,38,38,35,34,31,31,27,26,22,21,17,16,300
19,25,29,35,38,44,47,52,53,59,61,66,67,71,72,75,78,78,82,84,84,85,88,88,91,92,91,92,96,94,98,96,100,95,98,93,96,89,92,81,76,73,62,58,52,43,40,39,37,38,37,35,34,35,32,33,29,29,24,22,17,15,11,10,300
21,25,29,33,37,42,45,49,51,57,59,64,66,70,71,74,77,78,81,83,83,85,88,88,92,93,92,93,96,94,98,96,100,96,100,95,98,92,95,87,82,81,70,66,61,51,47,46,42,42,41,38,38,38,35,36,32,33,28,27,21,19,14,12,300
18,22,25,29,32,37,40,44,46,51,53,58,60,64,66,68,71,73,76,79,80,83,86,87,90,92,92,94,97,95,99,96,100,96,99,96,97,94,95,90,88,88,84,85,85,81,79,79,76,77,76,72,72,73,69,71,63,64,53,50,38,34,22,19,300
17,21,24,28,31,35,38,42,44,49,51,55,57,60,63,65,68,70,73,76,77,79,83,84,88,90,90,91,95,94,97,96,99,96,100,97,98,96,98,94,93,94,90,91,90,85,84,85,82,84,85,81,80,82,77,78,69,70,58,55,42,37,26,23,300
20,23,26,30,33,37,39,43,45,50,52,56,59,62,63,66,68,70,73,75,77,79,82,82,86,87,87,90,93,93,97,96,99,97,100,96,99,95,96,90,88,87,82,81,78,71,68,68,63,63,62,58,58,59,54,56,50,52,42,40,31,28,19,17,300
23,27,29,33,36,40,43,47,49,53,55,60,62,65,67,69,72,73,76,79,80,82,85,86,89,91,90,92,96,95,99,96,100,96,98,94,94,91,92,87,86,86,82,83,82,78,77,78,75,76,75,71,71,73,67,69,61,61,50,46,34,29,19,16,300
27,33,37,43,46,52,55,61,64,71,72,78,80,86,86,89,95,92,97,95,90,88,92,84,88,86,83,85,91,89,95,91,96,93,98,94,100,95,99,93,93,95,89,92,89,83,80,83,75,78,75,69,68,71,62,65,56,57,47,47,35,34,24,22,310
17,21,24,28,30,35,37,41,44,48,50,54,57,60,62,65,69,69,74,76,77,80,84,83,88,89,89,91,95,92,98,94,98,95,100,94,98,92,95,88,86,88,82,85,82,78,77,80,76,80,79,74,74,79,70,75,64,66,53,52,37,35,23,20,310
21,24,27,31,33,37,39,43,45,49,51,54,57,60,62,64,68,69,72,74,75,78,82,81,85,86,85,87,92,90,96,94,98,94,100,94,97,90,92,84,82,83,76,78,75,70,69,71,66,69,67,64,63,67,60,64,54,56,45,44,31,29,18,16,310
18,22,25,29,32,36,38,42,44,48,50,54,56,59,61,64,67,67,71,73,74,77,81,80,85,86,85,87,93,91,97,94,99,94,100,93,98,89,92,83,79,79,70,71,68,62,61,63,58,61,59,55,54,57,51,54,47,49,40,40,29,28,18,16,310
17,21,24,28,30,34,36,40,42,46,48,52,54,57,59,61,65,65,69,71,72,75,79,79,83,85,85,87,91,90,95,93,97,94,100,94,98,91,94,86,83,84,77,79,76,71,70,73,68,71,69,65,65,69,61,65,56,59,49,50,37,36,25,23,310
20,24,28,33,36,41,44,48,51,56,58,63,66,70,71,74,77,79,82,85,86,89,92,92,96,98,96,96,100,95,98,92,94,89,90,86,87,83,84,79,76,76,71,70,68,62,59,59,56,57,56,52,51,52,48,48,42,43,36,35,28,26,19,17,310
17,21,25,30,33,38,41,46,48,53,56,61,64,67,69,72,75,76,80,83,84,86,90,90,94,96,95,96,100,96,99,95,97,92,93,88,89,84,86,79,77,77,71,70,67,62,60,60,57,58,58,55,54,55,51,51,45,46,37,35,28,25,18,16,310
18,22,26,32,35,40,43,48,50,56,59,64,66,70,72,74,78,80,83,87,88,90,94,93,97,99,96,97,100,94,96,90,91,83,84,77,77,71,72,66,64,63,58,58,55,50,49,48,46,47,47,44,44,45,41,41,37,37,31,29,23,22,17,16,310
16,20,23,28,30,35,38,42,44,49,51,56,58,61,63,66,69,70,74,76,78,80,83,84,88,90,91,93,96,95,98,96,100,97,99,96,98,95,98,92,91,90,84,83,80,74,73,73,71,74,74,71,71,73,68,69,63,63,53,50,39,35,25,22,310
18,22,25,31,33,38,42,46,49,54,57,61,64,68,70,73,76,77,81,84,85,87,91,91,95,97,96,96,100,96,99,95,97,91,93,87,88,83,85,78,75,74,68,67,63,57,54,53,51,52,52,50,50,52,48,49,44,45,37,35,27,25,18,16,310
18,22,25,30,33,38,41,45,48,52,55,60,62,66,68,71,74,76,80,82,84,86,90,90,94,96,95,96,99,97,100,96,98,93,95,90,92,88,90,84,82,81,76,75,72,66,64,64,61,62,63,60,59,61,57,58,50,51,41,38,29,26,18,16,310
25,28,31,35,37,41,44,47,49,53,55,59,61,64,66,68,71,72,75,78,79,81,84,84,87,89,88,89,93,93,97,96,100,97,99,95,97,93,97,90,87,87,81,79,75,68,66,66,62,62,61,57,55,55,51,51,46,46,39,37,29,27,20,18,310
15,19,23,27,30,34,37,41,43,48,50,55,57,61,63,66,68,70,73,76,78,80,83,84,89,91,91,93,96,94,98,96,99,96,100,97,99,96,99,94,93,93,88,89,87,81,79,80,77,79,79,75,74,76,70,71,64,65,54,51,40,35,26,23,310
16,20,23,27,30,34,36,40,43,47,49,54,56,59,60,63,66,67,71,73,75,77,80,81,84,86,87,89,93,93,96,95,99,97,100,96,98,94,97,89,86,85,78,76,72,64,61,61,59,60,61,58,58,59,55,55,49,49,40,37,28,25,18,15,310
18,21,24,27,30,33,36,39,41,45,47,51,53,56,58,60,63,64,67,69,70,72,75,77,80,82,83,85,88,88,92,92,96,95,98,97,100,97,99,93,91,91,85,85,82,76,73,72,67,67,66,61,60,61,57,58,53,54,46,45,35,32,23,20,310
21,24,27,31,34,37,40,43,45,49,52,56,58,61,63,65,68,69,72,75,76,78,81,81,85,86,86,88,92,91,95,95,98,96,100,96,99,95,97,90,87,86,80,78,75,70,68,68,65,66,66,61,60,61,56,57,51,52,44,42,32,29,21,18,310
27,30,33,36,39,42,44,48,49,53,55,59,60,64,65,68,70,72,75,78,79,81,85,85,89,91,90,91,95,94,98,96,100,96,99,96,98,94,97,89,86,85,76,74,70,64,63,62,59,60,59,56,55,55,51,51,46,47,39,37,30,27,20,19,310
17,21,25,30,33,38,41,46,48,54,57,62,64,69,70,73,77,78,82,85,86,89,93,92,96,98,96,97,100,96,99,95,97,92,94,90,91,87,90,83,80,79,72,70,66,59,56,56,55,56,56,54,54,55,52,53,47,49,40,39,30,26,19,16,310
19,23,26,30,33,37,40,44,46,51,53,58,60,63,65,68,70,72,75,77,78,81,84,84,88,90,89,91,94,92,96,95,98,96,100,97,99,95,98,91,88,86,78,76,72,65,63,62,60,61,60,58,58,59,56,58,53,54,46,45,35,32,22,19,310
19,23,27,32,36,40,44,48,51,56,59,64,66,70,71,74,77,79,82,86,86,89,93,93,97,99,96,97,100,94,96,89,90,83,83,78,79,74,76,70,68,67,61,60,57,52,51,51,49,50,50,47,47,48,44,45,39,39,31,29,22,19,13,11,310
25,33,39,48,53,61,66,75,77,87,87,96,93,100,93,92,94,88,91,90,85,85,86,82,84,83,79,80,82,79,81,76,78,74,75,72,73,69,71,67,66,67,63,63,61,55,52,50,45,44,42,38,38,38,35,36,32,33,27,26,20,18,13,11,310
21,24,28,32,35,39,42,46,49,53,55,60,62,65,67,70,72,74,77,80,80,82,85,86,90,91,91,92,96,95,98,96,100,96,99,95,98,93,96,89,85,84,76,74,71,65,63,64,61,63,63,60,59,61,56,57,51,51,42,40,31,27,20,18,310
19,24,27,32,35,39,42,47,49,54,57,62,64,68,70,72,75,76,79,82,83,85,89,89,93,95,94,95,99,96,100,95,97,91,93,88,90,85,88,80,78,77,69,67,63,57,55,56,54,56,56,53,52,54,49,50,44,44,36,34,26,24,17,16,310
17,20,23,27,30,33,36,40,41,45,48,52,54,57,59,61,63,65,68,70,71,74,76,77,80,82,82,84,88,88,92,92,95,95,99,96,100,96,100,93,89,88,80,78,74,67,64,63,60,61,60,57,56,58,53,54,49,49,41,39,30,26,18,16,310
18,22,26,31,34,39,42,46,49,54,56,61,63,67,69,71,75,76,80,82,83,86,89,90,94,95,94,96,100,97,100,96,98,92,93,87,88,83,85,78,75,74,67,65,62,56,54,55,52,54,53,50,50,50,46,46,40,40,33,31,24,22,16,14,310
20,24,28,33,36,41,43,48,50,55,58,63,65,69,71,74,77,78,82,84,85,87,91,91,94,96,95,96,99,96,100,96,98,93,95,89,91,85,88,81,77,76,69,68,65,60,58,58,56,56,57,54,53,55,52,53,47,48,40,38,29,26,19,16,310
19,23,26,30,33,37,40,44,46,51,53,58,60,64,66,68,71,73,76,78,80,82,85,86,89,91,91,93,96,95,98,96,100,96,99,96,98,94,97,91,89,89,84,84,82,77,75,76,73,74,74,70,69,70,65,66,59,60,49,46,35,31,21,18,310
20,24,28,32,36,40,43,48,51,55,58,63,65,69,71,74,76,78,82,84,85,88,92,92,96,97,96,97,100,96,99,94,97,92,95,90,91,87,89,83,80,80,75,74,72,66,64,64,62,62,62,60,60,62,58,59,54,55,47,46,36,33,24,20,310
19,23,26,30,33,37,40,44,46,51,53,58,60,63,65,68,71,72,76,78,79,82,85,85,89,90,89,91,94,93,96,95,98,96,100,97,99,95,98,91,88,87,79,77,72,64,62,61,58,58,57,54,53,54,50,51,46,47,41,40,33,31,23,21,310
19,23,27,32,35,39,43,47,50,55,58,62,65,69,71,73,76,78,81,84,85,88,91,92,95,97,95,97,100,96,99,94,97,91,93,87,88,83,85,78,76,75,67,65,61,54,52,51,49,50,50,47,46,47,43,44,38,39,32,30,22,20,14,12,310
22,27,30,35,38,42,46,50,52,57,60,64,67,70,72,75,77,78,82,84,85,88,92,92,96,97,95,96,100,95,98,91,93,85,87,80,80,76,77,71,69,68,62,60,57,50,48,47,44,44,44,41,41,42,39,40,37,38,33,32,26,23,16,14,310
19,23,26,31,34,39,41,46,48,53,55,60,62,66,68,71,73,75,79,81,83,85,88,89,93,94,93,95,98,96,100,96,99,94,95,90,91,86,88,82,79,79,72,71,68,60,57,57,53,54,54,50,49,50,46,46,41,41,34,33,26,24,18,16,310
18,22,26,31,34,39,42,47,49,54,57,61,64,67,69,71,74,76,79,82,83,85,89,90,94,96,95,96,100,96,99,93,96,88,90,84,86,80,82,74,71,70,62,60,57,50,48,47,45,46,46,43,43,44,40,41,36,37,30,29,22,20,14,12,310
21,25,29,34,37,42,45,49,52,57,60,65,67,71,73,75,78,80,83,85,86,89,92,93,96,98,96,96,100,95,97,90,93,85,86,80,80,75,76,70,68,67,61,59,56,50,48,47,45,46,46,44,44,45,42,43,38,39,33,31,24,21,15,13,310
16,20,23,28,30,34,37,41,43,48,51,55,57,61,63,65,68,70,73,75,77,79,83,84,87,89,90,92,95,94,98,96,100,96,99,96,97,92,95,88,86,85,78,76,73,65,62,61,57,58,57,54,53,54,50,50,45,46,38,36,28,25,18,16,310
15,19,23,27,30,34,37,41,44,48,51,56,58,62,64,66,69,71,74,77,79,81,85,85,89,91,91,93,97,95,98,97,100,96,99,95,96,92,94,88,85,84,78,77,74,67,64,64,61,62,61,58,57,59,54,55,49,49,41,38,30,27,20,18,310
23,27,29,33,35,39,41,45,47,50,53,56,59,61,63,66,68,69,72,74,75,77,80,81,84,86,86,88,92,92,96,95,99,96,100,97,99,96,98,93,91,90,85,84,82,75,72,73,69,69,69,65,64,65,60,60,53,52,41,38,27,23,15,13,310
20,24,27,31,34,38,40,44,46,51,53,57,59,63,64,67,69,71,74,76,78,80,83,84,87,89,89,90,93,93,96,95,99,97,100,96,99,94,97,89,86,85,77,75,71,64,61,61,58,59,59,56,55,56,53,53,48,49,41,39,30,27,19,17,310
18,22,25,30,32,37,40,44,46,51,53,57,60,63,65,68,71,72,75,78,80,82,85,86,89,91,91,92,95,95,98,96,100,96,99,96,98,93,96,88,84,83,75,73,68,62,60,60,58,60,60,55,54,55,49,49,43,43,34,32,25,22,15,14,310
18,21,24,27,29,33,35,39,41,45,47,51,52,56,57,59,62,63,66,68,69,71,74,75,78,80,81,83,87,87,91,91,95,94,98,96,100,96,99,92,90,89,81,79,75,67,65,64,61,63,62,58,57,57,52,51,45,44,37,35,28,26,20,19,310
17,20,23,28,30,34,37,41,43,46,49,53,55,59,60,63,65,66,69,72,73,75,78,79,81,83,84,86,89,90,93,93,97,95,100,97,99,95,97,89,84,82,73,70,66,58,56,56,53,54,53,50,50,51,47,48,42,43,35,33,24,22,15,13,310
20,24,28,32,36,40,43,47,50,54,57,62,64,68,70,73,76,77,80,83,84,87,90,91,94,96,95,96,99,96,99,96,100,95,98,93,95,90,93,85,81,79,71,69,65,58,56,56,54,55,54,51,51,52,48,49,44,44,37,35,28,25,18,16,310
22,26,29,32,35,39,41,45,47,51,53,57,60,62,64,67,69,70,73,76,77,80,83,84,88,90,91,93,96,94,98,96,100,96,98,95,98,94,95,90,88,89,85,85,84,79,78,79,75,77,76,71,69,70,64,64,57,57,47,45,35,32,25,24,310
26,35,42,52,56,66,70,79,80,89,87,95,93,99,94,96,100,95,98,98,89,86,86,79,79,78,72,73,75,71,72,68,70,65,67,63,64,61,63,59,59,59,56,56,55,51,49,48,45,45,44,41,40,41,38,39,35,35,29,28,22,20,15,14,310
22,25,28,31,34,38,40,43,46,50,52,56,58,61,63,65,68,70,73,76,77,79,82,84,87,89,90,92,95,94,98,96,100,97,99,97,98,96,99,94,94,94,91,91,90,87,87,88,85,86,86,83,83,85,79,80,72,72,60,57,44,39,27,24,310
26,29,31,35,37,41,43,46,48,52,54,57,59,62,63,65,68,69,72,74,76,77,80,80,84,86,86,87,92,91,96,95,99,97,100,97,99,96,98,93,91,91,87,86,85,81,80,80,76,76,75,71,70,71,67,68,62,64,54,52,40,35,24,21,310
19,23,26,31,34,38,41,45,47,51,54,58,61,64,66,69,72,73,77,79,81,83,86,87,91,93,92,93,97,96,99,97,100,96,98,93,94,90,92,87,85,85,79,79,77,72,70,70,66,67,67,63,63,64,60,61,55,56,45,44,34,30,21,18,310
22,26,28,33,35,39,41,45,47,51,53,57,60,63,64,67,69,71,74,77,78,80,83,84,88,89,88,90,94,94,98,96,100,96,98,94,96,92,94,87,84,84,78,78,76,72,71,72,68,68,67,63,61,62,58,59,53,54,46,44,35,31,22,20,310
